{"owner":{"displayName":"Data Lake Administrator","email":null,"enabled":true,"groups":["admin","user"],"systemName":"dladmin"},"allowedActions":{"actions":[{"systemName":"accessTemplate","actions":[{"systemName":"editTemplate"},{"systemName":"deleteTemplate"},{"systemName":"exportTemplate"},{"systemName":"createFeedFromTemplate"},{"systemName":"changeTemplatePermissions"}]}]},"roleMemberships":[],"properties":[{"processGroupName":"NiFi Flow","processorName":"Database","processorId":"2567efe0-b28d-46c2-6829-02a2044a5daf","processGroupId":"afbcbd43-015b-1000-4231-921219dc51ce","processorType":"com.thinkbiganalytics.nifi.v2.core.watermark.LoadHighWaterMark","key":"System feed category","value":"${metadata.category.systemName}","expressionProperties":null,"propertyDescriptor":{"name":"System feed category","displayName":null,"description":null,"defaultValue":null,"allowableValues":null,"required":null,"sensitive":null,"dynamic":null,"supportsEl":null,"identifiesControllerService":null},"templateValue":"${metadata.category.systemName}","userEditable":false,"renderType":"text","renderOptions":{},"selected":true,"inputProperty":true,"containsConfigurationVariables":false,"sensitive":false,"required":false,"templateProperty":null,"nameKey":"NiFi Flow-Database-System feed category","processorNameTypeKey":"Database-com.thinkbiganalytics.nifi.v2.core.watermark.LoadHighWaterMark-System feed category","idKey":"afbcbd43-015b-1000-4231-921219dc51ce-2567efe0-b28d-46c2-6829-02a2044a5daf-System feed category"},{"processGroupName":"NiFi Flow","processorName":"Database","processorId":"2567efe0-b28d-46c2-6829-02a2044a5daf","processGroupId":"afbcbd43-015b-1000-4231-921219dc51ce","processorType":"com.thinkbiganalytics.nifi.v2.core.watermark.LoadHighWaterMark","key":"System feed name","value":"${metadata.systemFeedName}","expressionProperties":null,"propertyDescriptor":{"name":"System feed name","displayName":null,"description":null,"defaultValue":null,"allowableValues":null,"required":null,"sensitive":null,"dynamic":null,"supportsEl":null,"identifiesControllerService":null},"templateValue":"${metadata.systemFeedName}","userEditable":false,"renderType":"text","renderOptions":{},"selected":true,"inputProperty":true,"containsConfigurationVariables":false,"sensitive":false,"required":false,"templateProperty":null,"nameKey":"NiFi Flow-Database-System feed name","processorNameTypeKey":"Database-com.thinkbiganalytics.nifi.v2.core.watermark.LoadHighWaterMark-System feed name","idKey":"afbcbd43-015b-1000-4231-921219dc51ce-2567efe0-b28d-46c2-6829-02a2044a5daf-System feed name"},{"processGroupName":"NiFi Flow","processorName":"Filesystem","processorId":"1f67e296-2ff8-4b5d-e5fe-d24c3d261efe","processGroupId":"afbcbd43-015b-1000-4231-921219dc51ce","processorType":"org.apache.nifi.processors.standard.GetFile","key":"File Filter","value":"mydata\\d{1,3}.csv","expressionProperties":null,"propertyDescriptor":{"name":"File Filter","displayName":null,"description":null,"defaultValue":null,"allowableValues":null,"required":null,"sensitive":null,"dynamic":null,"supportsEl":null,"identifiesControllerService":null},"templateValue":"mydata\\d{1,3}.csv","userEditable":true,"renderType":"text","renderOptions":{},"selected":true,"inputProperty":true,"containsConfigurationVariables":false,"sensitive":false,"required":false,"templateProperty":null,"nameKey":"NiFi Flow-Filesystem-File Filter","processorNameTypeKey":"Filesystem-org.apache.nifi.processors.standard.GetFile-File Filter","idKey":"afbcbd43-015b-1000-4231-921219dc51ce-1f67e296-2ff8-4b5d-e5fe-d24c3d261efe-File Filter"},{"processGroupName":"NiFi Flow","processorName":"Filesystem","processorId":"1f67e296-2ff8-4b5d-e5fe-d24c3d261efe","processGroupId":"afbcbd43-015b-1000-4231-921219dc51ce","processorType":"org.apache.nifi.processors.standard.GetFile","key":"Input Directory","value":"/var/dropzone","expressionProperties":null,"propertyDescriptor":{"name":"Input Directory","displayName":null,"description":null,"defaultValue":null,"allowableValues":null,"required":null,"sensitive":null,"dynamic":null,"supportsEl":null,"identifiesControllerService":null},"templateValue":"/var/dropzone","userEditable":true,"renderType":"text","renderOptions":{},"selected":true,"inputProperty":true,"containsConfigurationVariables":false,"sensitive":false,"required":false,"templateProperty":null,"nameKey":"NiFi Flow-Filesystem-Input Directory","processorNameTypeKey":"Filesystem-org.apache.nifi.processors.standard.GetFile-Input Directory","idKey":"afbcbd43-015b-1000-4231-921219dc51ce-1f67e296-2ff8-4b5d-e5fe-d24c3d261efe-Input Directory"},{"processGroupName":"NiFi Flow","processorName":"TriggerCleanup","processorId":"eb244f60-aaa3-1bba-63b4-08796d8ad24d","processGroupId":"afbcbd43-015b-1000-4231-921219dc51ce","processorType":"com.thinkbiganalytics.nifi.v2.metadata.TriggerCleanup","key":"System feed category","value":"${metadata.category.systemName}","expressionProperties":null,"propertyDescriptor":{"name":"System feed category","displayName":null,"description":null,"defaultValue":null,"allowableValues":null,"required":null,"sensitive":null,"dynamic":null,"supportsEl":null,"identifiesControllerService":null},"templateValue":"${metadata.category.systemName}","userEditable":false,"renderType":"text","renderOptions":{},"selected":true,"inputProperty":true,"containsConfigurationVariables":false,"sensitive":false,"required":false,"templateProperty":null,"nameKey":"NiFi Flow-TriggerCleanup-System feed category","processorNameTypeKey":"TriggerCleanup-com.thinkbiganalytics.nifi.v2.metadata.TriggerCleanup-System feed category","idKey":"afbcbd43-015b-1000-4231-921219dc51ce-eb244f60-aaa3-1bba-63b4-08796d8ad24d-System feed category"},{"processGroupName":"NiFi Flow","processorName":"TriggerCleanup","processorId":"eb244f60-aaa3-1bba-63b4-08796d8ad24d","processGroupId":"afbcbd43-015b-1000-4231-921219dc51ce","processorType":"com.thinkbiganalytics.nifi.v2.metadata.TriggerCleanup","key":"System feed name","value":"${metadata.systemFeedName}","expressionProperties":null,"propertyDescriptor":{"name":"System feed name","displayName":null,"description":null,"defaultValue":null,"allowableValues":null,"required":null,"sensitive":null,"dynamic":null,"supportsEl":null,"identifiesControllerService":null},"templateValue":"${metadata.systemFeedName}","userEditable":false,"renderType":"text","renderOptions":{},"selected":true,"inputProperty":true,"containsConfigurationVariables":false,"sensitive":false,"required":false,"templateProperty":null,"nameKey":"NiFi Flow-TriggerCleanup-System feed name","processorNameTypeKey":"TriggerCleanup-com.thinkbiganalytics.nifi.v2.metadata.TriggerCleanup-System feed name","idKey":"afbcbd43-015b-1000-4231-921219dc51ce-eb244f60-aaa3-1bba-63b4-08796d8ad24d-System feed name"},{"processGroupName":"NiFi Flow","processorName":"Failed - Release Highwater Mark","processorId":"eb244f65-aaa3-1bba-088c-e7ac0fdf1ea8","processGroupId":"afbcbd43-015b-1000-4231-921219dc51ce","processorType":"com.thinkbiganalytics.nifi.v2.core.watermark.ReleaseHighWaterMark","key":"System feed category","value":"${metadata.category.systemName}","expressionProperties":null,"propertyDescriptor":{"name":"System feed category","displayName":null,"description":null,"defaultValue":null,"allowableValues":null,"required":null,"sensitive":null,"dynamic":null,"supportsEl":null,"identifiesControllerService":null},"templateValue":"${metadata.category.systemName}","userEditable":false,"renderType":"text","renderOptions":{},"selected":true,"inputProperty":false,"containsConfigurationVariables":false,"sensitive":false,"required":false,"templateProperty":null,"nameKey":"NiFi Flow-Failed - Release Highwater Mark-System feed category","processorNameTypeKey":"Failed - Release Highwater Mark-com.thinkbiganalytics.nifi.v2.core.watermark.ReleaseHighWaterMark-System feed category","idKey":"afbcbd43-015b-1000-4231-921219dc51ce-eb244f65-aaa3-1bba-088c-e7ac0fdf1ea8-System feed category"},{"processGroupName":"NiFi Flow","processorName":"Failed - Release Highwater Mark","processorId":"eb244f65-aaa3-1bba-088c-e7ac0fdf1ea8","processGroupId":"afbcbd43-015b-1000-4231-921219dc51ce","processorType":"com.thinkbiganalytics.nifi.v2.core.watermark.ReleaseHighWaterMark","key":"System feed name","value":"${metadata.systemFeedName}","expressionProperties":null,"propertyDescriptor":{"name":"System feed name","displayName":null,"description":null,"defaultValue":null,"allowableValues":null,"required":null,"sensitive":null,"dynamic":null,"supportsEl":null,"identifiesControllerService":null},"templateValue":"${metadata.systemFeedName}","userEditable":false,"renderType":"text","renderOptions":{},"selected":true,"inputProperty":false,"containsConfigurationVariables":false,"sensitive":false,"required":false,"templateProperty":null,"nameKey":"NiFi Flow-Failed - Release Highwater Mark-System feed name","processorNameTypeKey":"Failed - Release Highwater Mark-com.thinkbiganalytics.nifi.v2.core.watermark.ReleaseHighWaterMark-System feed name","idKey":"afbcbd43-015b-1000-4231-921219dc51ce-eb244f65-aaa3-1bba-088c-e7ac0fdf1ea8-System feed name"},{"processGroupName":"NiFi Flow","processorName":"Fetch RDBMS Data","processorId":"6aeabec7-ec36-4ed5-7c60-9a52981c5909","processGroupId":"afbcbd43-015b-1000-4231-921219dc51ce","processorType":"com.thinkbiganalytics.nifi.v2.ingest.GetTableData","key":"Date Field","value":null,"expressionProperties":null,"propertyDescriptor":{"name":"Date Field","displayName":null,"description":null,"defaultValue":null,"allowableValues":null,"required":null,"sensitive":null,"dynamic":null,"supportsEl":null,"identifiesControllerService":null},"templateValue":null,"userEditable":true,"renderType":"text","renderOptions":{},"selected":true,"inputProperty":false,"containsConfigurationVariables":false,"sensitive":false,"required":false,"templateProperty":null,"nameKey":"NiFi Flow-Fetch RDBMS Data-Date Field","processorNameTypeKey":"Fetch RDBMS Data-com.thinkbiganalytics.nifi.v2.ingest.GetTableData-Date Field","idKey":"afbcbd43-015b-1000-4231-921219dc51ce-6aeabec7-ec36-4ed5-7c60-9a52981c5909-Date Field"},{"processGroupName":"NiFi Flow","processorName":"Fetch RDBMS Data","processorId":"6aeabec7-ec36-4ed5-7c60-9a52981c5909","processGroupId":"afbcbd43-015b-1000-4231-921219dc51ce","processorType":"com.thinkbiganalytics.nifi.v2.ingest.GetTableData","key":"Load Strategy","value":"FULL_LOAD","expressionProperties":null,"propertyDescriptor":{"name":"Load Strategy","displayName":null,"description":null,"defaultValue":null,"allowableValues":null,"required":null,"sensitive":null,"dynamic":null,"supportsEl":null,"identifiesControllerService":null},"templateValue":"FULL_LOAD","userEditable":true,"renderType":"text","renderOptions":{},"selected":true,"inputProperty":false,"containsConfigurationVariables":false,"sensitive":false,"required":false,"templateProperty":null,"nameKey":"NiFi Flow-Fetch RDBMS Data-Load Strategy","processorNameTypeKey":"Fetch RDBMS Data-com.thinkbiganalytics.nifi.v2.ingest.GetTableData-Load Strategy","idKey":"afbcbd43-015b-1000-4231-921219dc51ce-6aeabec7-ec36-4ed5-7c60-9a52981c5909-Load Strategy"},{"processGroupName":"NiFi Flow","processorName":"Fetch RDBMS Data","processorId":"6aeabec7-ec36-4ed5-7c60-9a52981c5909","processGroupId":"afbcbd43-015b-1000-4231-921219dc51ce","processorType":"com.thinkbiganalytics.nifi.v2.ingest.GetTableData","key":"Output Type","value":"DELIMITED","expressionProperties":null,"propertyDescriptor":{"name":"Output Type","displayName":"Output Type","description":"How should the results be returned.  Either a Delimited output such as CSV, or AVRO.  If delimited you must specify the delimiter.","defaultValue":"DELIMITED","allowableValues":[{"displayName":"DELIMITED","value":"DELIMITED","description":null},{"displayName":"AVRO","value":"AVRO","description":null}],"required":true,"sensitive":false,"dynamic":false,"supportsEl":false,"identifiesControllerService":null},"templateValue":"DELIMITED","userEditable":true,"renderType":"select","renderOptions":{},"selected":true,"inputProperty":false,"containsConfigurationVariables":false,"sensitive":false,"required":true,"templateProperty":null,"nameKey":"NiFi Flow-Fetch RDBMS Data-Output Type","processorNameTypeKey":"Fetch RDBMS Data-com.thinkbiganalytics.nifi.v2.ingest.GetTableData-Output Type","idKey":"afbcbd43-015b-1000-4231-921219dc51ce-6aeabec7-ec36-4ed5-7c60-9a52981c5909-Output Type"},{"processGroupName":"NiFi Flow","processorName":"Fetch RDBMS Data","processorId":"6aeabec7-ec36-4ed5-7c60-9a52981c5909","processGroupId":"afbcbd43-015b-1000-4231-921219dc51ce","processorType":"com.thinkbiganalytics.nifi.v2.ingest.GetTableData","key":"Source Database Connection","value":"","expressionProperties":null,"propertyDescriptor":{"name":"Source Database Connection","displayName":null,"description":null,"defaultValue":null,"allowableValues":null,"required":null,"sensitive":null,"dynamic":null,"supportsEl":null,"identifiesControllerService":"org.apache.nifi.dbcp.DBCPService"},"templateValue":"","userEditable":true,"renderType":"select","renderOptions":{},"selected":true,"inputProperty":false,"containsConfigurationVariables":false,"sensitive":false,"required":false,"templateProperty":null,"nameKey":"NiFi Flow-Fetch RDBMS Data-Source Database Connection","processorNameTypeKey":"Fetch RDBMS Data-com.thinkbiganalytics.nifi.v2.ingest.GetTableData-Source Database Connection","idKey":"afbcbd43-015b-1000-4231-921219dc51ce-6aeabec7-ec36-4ed5-7c60-9a52981c5909-Source Database Connection"},{"processGroupName":"NiFi Flow","processorName":"Fetch RDBMS Data","processorId":"6aeabec7-ec36-4ed5-7c60-9a52981c5909","processGroupId":"afbcbd43-015b-1000-4231-921219dc51ce","processorType":"com.thinkbiganalytics.nifi.v2.ingest.GetTableData","key":"Source Fields","value":"${metadata.table.sourceFields}","expressionProperties":null,"propertyDescriptor":{"name":"Source Fields","displayName":null,"description":null,"defaultValue":null,"allowableValues":null,"required":null,"sensitive":null,"dynamic":null,"supportsEl":null,"identifiesControllerService":null},"templateValue":"${metadata.table.sourceFields}","userEditable":false,"renderType":"text","renderOptions":{},"selected":true,"inputProperty":false,"containsConfigurationVariables":false,"sensitive":false,"required":false,"templateProperty":null,"nameKey":"NiFi Flow-Fetch RDBMS Data-Source Fields","processorNameTypeKey":"Fetch RDBMS Data-com.thinkbiganalytics.nifi.v2.ingest.GetTableData-Source Fields","idKey":"afbcbd43-015b-1000-4231-921219dc51ce-6aeabec7-ec36-4ed5-7c60-9a52981c5909-Source Fields"},{"processGroupName":"NiFi Flow","processorName":"Fetch RDBMS Data","processorId":"6aeabec7-ec36-4ed5-7c60-9a52981c5909","processGroupId":"afbcbd43-015b-1000-4231-921219dc51ce","processorType":"com.thinkbiganalytics.nifi.v2.ingest.GetTableData","key":"Source Table","value":"${metadata.table.sourceTableSchema.name}","expressionProperties":null,"propertyDescriptor":{"name":"Source Table","displayName":null,"description":null,"defaultValue":null,"allowableValues":null,"required":null,"sensitive":null,"dynamic":null,"supportsEl":null,"identifiesControllerService":null},"templateValue":"${metadata.table.sourceTableSchema.name}","userEditable":false,"renderType":"select","renderOptions":{},"selected":true,"inputProperty":false,"containsConfigurationVariables":false,"sensitive":false,"required":false,"templateProperty":null,"nameKey":"NiFi Flow-Fetch RDBMS Data-Source Table","processorNameTypeKey":"Fetch RDBMS Data-com.thinkbiganalytics.nifi.v2.ingest.GetTableData-Source Table","idKey":"afbcbd43-015b-1000-4231-921219dc51ce-6aeabec7-ec36-4ed5-7c60-9a52981c5909-Source Table"},{"processGroupName":"NiFi Flow","processorName":"Fetch RDBMS Data","processorId":"6aeabec7-ec36-4ed5-7c60-9a52981c5909","processGroupId":"afbcbd43-015b-1000-4231-921219dc51ce","processorType":"com.thinkbiganalytics.nifi.v2.ingest.GetTableData","key":"System feed category","value":"${metadata.category.systemName}","expressionProperties":null,"propertyDescriptor":{"name":"System feed category","displayName":null,"description":null,"defaultValue":null,"allowableValues":null,"required":null,"sensitive":null,"dynamic":null,"supportsEl":null,"identifiesControllerService":null},"templateValue":"${metadata.category.systemName}","userEditable":false,"renderType":"text","renderOptions":{},"selected":true,"inputProperty":false,"containsConfigurationVariables":false,"sensitive":false,"required":false,"templateProperty":null,"nameKey":"NiFi Flow-Fetch RDBMS Data-System feed category","processorNameTypeKey":"Fetch RDBMS Data-com.thinkbiganalytics.nifi.v2.ingest.GetTableData-System feed category","idKey":"afbcbd43-015b-1000-4231-921219dc51ce-6aeabec7-ec36-4ed5-7c60-9a52981c5909-System feed category"},{"processGroupName":"NiFi Flow","processorName":"Fetch RDBMS Data","processorId":"6aeabec7-ec36-4ed5-7c60-9a52981c5909","processGroupId":"afbcbd43-015b-1000-4231-921219dc51ce","processorType":"com.thinkbiganalytics.nifi.v2.ingest.GetTableData","key":"System feed name","value":"${metadata.systemFeedName}","expressionProperties":null,"propertyDescriptor":{"name":"System feed name","displayName":null,"description":null,"defaultValue":null,"allowableValues":null,"required":null,"sensitive":null,"dynamic":null,"supportsEl":null,"identifiesControllerService":null},"templateValue":"${metadata.systemFeedName}","userEditable":false,"renderType":"text","renderOptions":{},"selected":true,"inputProperty":false,"containsConfigurationVariables":false,"sensitive":false,"required":false,"templateProperty":null,"nameKey":"NiFi Flow-Fetch RDBMS Data-System feed name","processorNameTypeKey":"Fetch RDBMS Data-com.thinkbiganalytics.nifi.v2.ingest.GetTableData-System feed name","idKey":"afbcbd43-015b-1000-4231-921219dc51ce-6aeabec7-ec36-4ed5-7c60-9a52981c5909-System feed name"},{"processGroupName":"NiFi Flow","processorName":"Initialize Cleanup Parameters","processorId":"3d3a4495-7365-1c62-a0b1-e9235a41f594","processGroupId":"afbcbd43-015b-1000-4231-921219dc51ce","processorType":"org.apache.nifi.processors.attributes.UpdateAttribute","key":"category","value":"${metadata.category.systemName}","expressionProperties":null,"propertyDescriptor":{"name":"category","displayName":null,"description":null,"defaultValue":null,"allowableValues":null,"required":null,"sensitive":null,"dynamic":null,"supportsEl":null,"identifiesControllerService":null},"templateValue":"${metadata.category.systemName}","userEditable":false,"renderType":"text","renderOptions":{},"selected":true,"inputProperty":false,"containsConfigurationVariables":false,"sensitive":false,"required":false,"templateProperty":null,"nameKey":"NiFi Flow-Initialize Cleanup Parameters-category","processorNameTypeKey":"Initialize Cleanup Parameters-org.apache.nifi.processors.attributes.UpdateAttribute-category","idKey":"afbcbd43-015b-1000-4231-921219dc51ce-3d3a4495-7365-1c62-a0b1-e9235a41f594-category"},{"processGroupName":"NiFi Flow","processorName":"Initialize Cleanup Parameters","processorId":"3d3a4495-7365-1c62-a0b1-e9235a41f594","processGroupId":"afbcbd43-015b-1000-4231-921219dc51ce","processorType":"org.apache.nifi.processors.attributes.UpdateAttribute","key":"feed","value":"${metadata.systemFeedName}","expressionProperties":null,"propertyDescriptor":{"name":"feed","displayName":null,"description":null,"defaultValue":null,"allowableValues":null,"required":null,"sensitive":null,"dynamic":null,"supportsEl":null,"identifiesControllerService":null},"templateValue":"${metadata.systemFeedName}","userEditable":false,"renderType":"text","renderOptions":{},"selected":true,"inputProperty":false,"containsConfigurationVariables":false,"sensitive":false,"required":false,"templateProperty":null,"nameKey":"NiFi Flow-Initialize Cleanup Parameters-feed","processorNameTypeKey":"Initialize Cleanup Parameters-org.apache.nifi.processors.attributes.UpdateAttribute-feed","idKey":"afbcbd43-015b-1000-4231-921219dc51ce-3d3a4495-7365-1c62-a0b1-e9235a41f594-feed"},{"processGroupName":"NiFi Flow","processorName":"Initialize Cleanup Parameters","processorId":"3d3a4495-7365-1c62-a0b1-e9235a41f594","processGroupId":"afbcbd43-015b-1000-4231-921219dc51ce","processorType":"org.apache.nifi.processors.attributes.UpdateAttribute","key":"hdfs.ingest.root","value":"${config.hdfs.ingest.root}","expressionProperties":null,"propertyDescriptor":{"name":"hdfs.ingest.root","displayName":null,"description":null,"defaultValue":null,"allowableValues":null,"required":null,"sensitive":null,"dynamic":null,"supportsEl":null,"identifiesControllerService":null},"templateValue":"${config.hdfs.ingest.root}","userEditable":false,"renderType":"text","renderOptions":{},"selected":true,"inputProperty":false,"containsConfigurationVariables":false,"sensitive":false,"required":false,"templateProperty":null,"nameKey":"NiFi Flow-Initialize Cleanup Parameters-hdfs.ingest.root","processorNameTypeKey":"Initialize Cleanup Parameters-org.apache.nifi.processors.attributes.UpdateAttribute-hdfs.ingest.root","idKey":"afbcbd43-015b-1000-4231-921219dc51ce-3d3a4495-7365-1c62-a0b1-e9235a41f594-hdfs.ingest.root"},{"processGroupName":"NiFi Flow","processorName":"Initialize Cleanup Parameters","processorId":"3d3a4495-7365-1c62-a0b1-e9235a41f594","processGroupId":"afbcbd43-015b-1000-4231-921219dc51ce","processorType":"org.apache.nifi.processors.attributes.UpdateAttribute","key":"hive.ingest.root","value":"${config.hive.ingest.root}","expressionProperties":null,"propertyDescriptor":{"name":"hive.ingest.root","displayName":null,"description":null,"defaultValue":null,"allowableValues":null,"required":null,"sensitive":null,"dynamic":null,"supportsEl":null,"identifiesControllerService":null},"templateValue":"${config.hive.ingest.root}","userEditable":false,"renderType":"text","renderOptions":{},"selected":true,"inputProperty":false,"containsConfigurationVariables":false,"sensitive":false,"required":false,"templateProperty":null,"nameKey":"NiFi Flow-Initialize Cleanup Parameters-hive.ingest.root","processorNameTypeKey":"Initialize Cleanup Parameters-org.apache.nifi.processors.attributes.UpdateAttribute-hive.ingest.root","idKey":"afbcbd43-015b-1000-4231-921219dc51ce-3d3a4495-7365-1c62-a0b1-e9235a41f594-hive.ingest.root"},{"processGroupName":"NiFi Flow","processorName":"Initialize Cleanup Parameters","processorId":"3d3a4495-7365-1c62-a0b1-e9235a41f594","processGroupId":"afbcbd43-015b-1000-4231-921219dc51ce","processorType":"org.apache.nifi.processors.attributes.UpdateAttribute","key":"hive.master.root","value":"${config.hive.master.root}","expressionProperties":null,"propertyDescriptor":{"name":"hive.master.root","displayName":null,"description":null,"defaultValue":null,"allowableValues":null,"required":null,"sensitive":null,"dynamic":null,"supportsEl":null,"identifiesControllerService":null},"templateValue":"${config.hive.master.root}","userEditable":false,"renderType":"text","renderOptions":{},"selected":true,"inputProperty":false,"containsConfigurationVariables":false,"sensitive":false,"required":false,"templateProperty":null,"nameKey":"NiFi Flow-Initialize Cleanup Parameters-hive.master.root","processorNameTypeKey":"Initialize Cleanup Parameters-org.apache.nifi.processors.attributes.UpdateAttribute-hive.master.root","idKey":"afbcbd43-015b-1000-4231-921219dc51ce-3d3a4495-7365-1c62-a0b1-e9235a41f594-hive.master.root"},{"processGroupName":"NiFi Flow","processorName":"Initialize Cleanup Parameters","processorId":"3d3a4495-7365-1c62-a0b1-e9235a41f594","processGroupId":"afbcbd43-015b-1000-4231-921219dc51ce","processorType":"org.apache.nifi.processors.attributes.UpdateAttribute","key":"hive.profile.root","value":"${config.hive.profile.root}","expressionProperties":null,"propertyDescriptor":{"name":"hive.profile.root","displayName":null,"description":null,"defaultValue":null,"allowableValues":null,"required":null,"sensitive":null,"dynamic":null,"supportsEl":null,"identifiesControllerService":null},"templateValue":"${config.hive.profile.root}","userEditable":false,"renderType":"text","renderOptions":{},"selected":true,"inputProperty":false,"containsConfigurationVariables":false,"sensitive":false,"required":false,"templateProperty":null,"nameKey":"NiFi Flow-Initialize Cleanup Parameters-hive.profile.root","processorNameTypeKey":"Initialize Cleanup Parameters-org.apache.nifi.processors.attributes.UpdateAttribute-hive.profile.root","idKey":"afbcbd43-015b-1000-4231-921219dc51ce-3d3a4495-7365-1c62-a0b1-e9235a41f594-hive.profile.root"},{"processGroupName":"NiFi Flow","processorName":"Initialize Feed Parameters","processorId":"7c627365-3d3a-4495-da31-b86a9ab9e113","processGroupId":"afbcbd43-015b-1000-4231-921219dc51ce","processorType":"org.apache.nifi.processors.attributes.UpdateAttribute","key":"category","value":"${metadata.category.systemName}","expressionProperties":null,"propertyDescriptor":{"name":"category","displayName":null,"description":null,"defaultValue":null,"allowableValues":null,"required":null,"sensitive":null,"dynamic":null,"supportsEl":null,"identifiesControllerService":null},"templateValue":"${metadata.category.systemName}","userEditable":false,"renderType":"text","renderOptions":{},"selected":true,"inputProperty":false,"containsConfigurationVariables":false,"sensitive":false,"required":false,"templateProperty":null,"nameKey":"NiFi Flow-Initialize Feed Parameters-category","processorNameTypeKey":"Initialize Feed Parameters-org.apache.nifi.processors.attributes.UpdateAttribute-category","idKey":"afbcbd43-015b-1000-4231-921219dc51ce-7c627365-3d3a-4495-da31-b86a9ab9e113-category"},{"processGroupName":"NiFi Flow","processorName":"Initialize Feed Parameters","processorId":"7c627365-3d3a-4495-da31-b86a9ab9e113","processGroupId":"afbcbd43-015b-1000-4231-921219dc51ce","processorType":"org.apache.nifi.processors.attributes.UpdateAttribute","key":"feed","value":"${metadata.systemFeedName}","expressionProperties":null,"propertyDescriptor":{"name":"feed","displayName":null,"description":null,"defaultValue":null,"allowableValues":null,"required":null,"sensitive":null,"dynamic":null,"supportsEl":null,"identifiesControllerService":null},"templateValue":"${metadata.systemFeedName}","userEditable":false,"renderType":"text","renderOptions":{},"selected":true,"inputProperty":false,"containsConfigurationVariables":false,"sensitive":false,"required":false,"templateProperty":null,"nameKey":"NiFi Flow-Initialize Feed Parameters-feed","processorNameTypeKey":"Initialize Feed Parameters-org.apache.nifi.processors.attributes.UpdateAttribute-feed","idKey":"afbcbd43-015b-1000-4231-921219dc51ce-7c627365-3d3a-4495-da31-b86a9ab9e113-feed"},{"processGroupName":"NiFi Flow","processorName":"Initialize Feed Parameters","processorId":"7c627365-3d3a-4495-da31-b86a9ab9e113","processGroupId":"afbcbd43-015b-1000-4231-921219dc51ce","processorType":"org.apache.nifi.processors.attributes.UpdateAttribute","key":"hdfs.ingest.root","value":"${config.hdfs.ingest.root}","expressionProperties":null,"propertyDescriptor":{"name":"hdfs.ingest.root","displayName":null,"description":null,"defaultValue":null,"allowableValues":null,"required":null,"sensitive":null,"dynamic":null,"supportsEl":null,"identifiesControllerService":null},"templateValue":"${config.hdfs.ingest.root}","userEditable":false,"renderType":"text","renderOptions":{},"selected":true,"inputProperty":false,"containsConfigurationVariables":false,"sensitive":false,"required":false,"templateProperty":null,"nameKey":"NiFi Flow-Initialize Feed Parameters-hdfs.ingest.root","processorNameTypeKey":"Initialize Feed Parameters-org.apache.nifi.processors.attributes.UpdateAttribute-hdfs.ingest.root","idKey":"afbcbd43-015b-1000-4231-921219dc51ce-7c627365-3d3a-4495-da31-b86a9ab9e113-hdfs.ingest.root"},{"processGroupName":"NiFi Flow","processorName":"Initialize Feed Parameters","processorId":"7c627365-3d3a-4495-da31-b86a9ab9e113","processGroupId":"afbcbd43-015b-1000-4231-921219dc51ce","processorType":"org.apache.nifi.processors.attributes.UpdateAttribute","key":"hive.ingest.root","value":"${config.hive.ingest.root}","expressionProperties":null,"propertyDescriptor":{"name":"hive.ingest.root","displayName":null,"description":null,"defaultValue":null,"allowableValues":null,"required":null,"sensitive":null,"dynamic":null,"supportsEl":null,"identifiesControllerService":null},"templateValue":"${config.hive.ingest.root}","userEditable":false,"renderType":"text","renderOptions":{},"selected":true,"inputProperty":false,"containsConfigurationVariables":false,"sensitive":false,"required":false,"templateProperty":null,"nameKey":"NiFi Flow-Initialize Feed Parameters-hive.ingest.root","processorNameTypeKey":"Initialize Feed Parameters-org.apache.nifi.processors.attributes.UpdateAttribute-hive.ingest.root","idKey":"afbcbd43-015b-1000-4231-921219dc51ce-7c627365-3d3a-4495-da31-b86a9ab9e113-hive.ingest.root"},{"processGroupName":"NiFi Flow","processorName":"Initialize Feed Parameters","processorId":"7c627365-3d3a-4495-da31-b86a9ab9e113","processGroupId":"afbcbd43-015b-1000-4231-921219dc51ce","processorType":"org.apache.nifi.processors.attributes.UpdateAttribute","key":"hive.master.root","value":"${config.hive.master.root}","expressionProperties":null,"propertyDescriptor":{"name":"hive.master.root","displayName":null,"description":null,"defaultValue":null,"allowableValues":null,"required":null,"sensitive":null,"dynamic":null,"supportsEl":null,"identifiesControllerService":null},"templateValue":"${config.hive.master.root}","userEditable":false,"renderType":"text","renderOptions":{},"selected":true,"inputProperty":false,"containsConfigurationVariables":false,"sensitive":false,"required":false,"templateProperty":null,"nameKey":"NiFi Flow-Initialize Feed Parameters-hive.master.root","processorNameTypeKey":"Initialize Feed Parameters-org.apache.nifi.processors.attributes.UpdateAttribute-hive.master.root","idKey":"afbcbd43-015b-1000-4231-921219dc51ce-7c627365-3d3a-4495-da31-b86a9ab9e113-hive.master.root"},{"processGroupName":"NiFi Flow","processorName":"Initialize Feed Parameters","processorId":"7c627365-3d3a-4495-da31-b86a9ab9e113","processGroupId":"afbcbd43-015b-1000-4231-921219dc51ce","processorType":"org.apache.nifi.processors.attributes.UpdateAttribute","key":"hive.profile.root","value":"${config.hive.profile.root}","expressionProperties":null,"propertyDescriptor":{"name":"hive.profile.root","displayName":null,"description":null,"defaultValue":null,"allowableValues":null,"required":null,"sensitive":null,"dynamic":null,"supportsEl":null,"identifiesControllerService":null},"templateValue":"${config.hive.profile.root}","userEditable":false,"renderType":"text","renderOptions":{},"selected":true,"inputProperty":false,"containsConfigurationVariables":false,"sensitive":false,"required":false,"templateProperty":null,"nameKey":"NiFi Flow-Initialize Feed Parameters-hive.profile.root","processorNameTypeKey":"Initialize Feed Parameters-org.apache.nifi.processors.attributes.UpdateAttribute-hive.profile.root","idKey":"afbcbd43-015b-1000-4231-921219dc51ce-7c627365-3d3a-4495-da31-b86a9ab9e113-hive.profile.root"},{"processGroupName":"NiFi Flow","processorName":"Initialize Feed Parameters","processorId":"7c627365-3d3a-4495-da31-b86a9ab9e113","processGroupId":"afbcbd43-015b-1000-4231-921219dc51ce","processorType":"org.apache.nifi.processors.attributes.UpdateAttribute","key":"metadata.table.feedFieldStructure","value":"${metadata.table.feedFieldStructure}","expressionProperties":null,"propertyDescriptor":{"name":"metadata.table.feedFieldStructure","displayName":null,"description":null,"defaultValue":null,"allowableValues":null,"required":null,"sensitive":null,"dynamic":null,"supportsEl":null,"identifiesControllerService":null},"templateValue":"${metadata.table.feedFieldStructure}","userEditable":false,"renderType":"text","renderOptions":{},"selected":true,"inputProperty":false,"containsConfigurationVariables":false,"sensitive":false,"required":false,"templateProperty":null,"nameKey":"NiFi Flow-Initialize Feed Parameters-metadata.table.feedFieldStructure","processorNameTypeKey":"Initialize Feed Parameters-org.apache.nifi.processors.attributes.UpdateAttribute-metadata.table.feedFieldStructure","idKey":"afbcbd43-015b-1000-4231-921219dc51ce-7c627365-3d3a-4495-da31-b86a9ab9e113-metadata.table.feedFieldStructure"},{"processGroupName":"NiFi Flow","processorName":"Initialize Feed Parameters","processorId":"7c627365-3d3a-4495-da31-b86a9ab9e113","processGroupId":"afbcbd43-015b-1000-4231-921219dc51ce","processorType":"org.apache.nifi.processors.attributes.UpdateAttribute","key":"metadata.table.feedFormat","value":"${metadata.table.feedFormat}","expressionProperties":null,"propertyDescriptor":{"name":"metadata.table.feedFormat","displayName":null,"description":null,"defaultValue":null,"allowableValues":null,"required":null,"sensitive":null,"dynamic":null,"supportsEl":null,"identifiesControllerService":null},"templateValue":"${metadata.table.feedFormat}","userEditable":false,"renderType":"text","renderOptions":{},"selected":true,"inputProperty":false,"containsConfigurationVariables":false,"sensitive":false,"required":false,"templateProperty":null,"nameKey":"NiFi Flow-Initialize Feed Parameters-metadata.table.feedFormat","processorNameTypeKey":"Initialize Feed Parameters-org.apache.nifi.processors.attributes.UpdateAttribute-metadata.table.feedFormat","idKey":"afbcbd43-015b-1000-4231-921219dc51ce-7c627365-3d3a-4495-da31-b86a9ab9e113-metadata.table.feedFormat"},{"processGroupName":"NiFi Flow","processorName":"Initialize Feed Parameters","processorId":"7c627365-3d3a-4495-da31-b86a9ab9e113","processGroupId":"afbcbd43-015b-1000-4231-921219dc51ce","processorType":"org.apache.nifi.processors.attributes.UpdateAttribute","key":"metadata.table.fieldIndexString","value":"${metadata.table.fieldIndexString}","expressionProperties":null,"propertyDescriptor":{"name":"metadata.table.fieldIndexString","displayName":null,"description":null,"defaultValue":null,"allowableValues":null,"required":null,"sensitive":null,"dynamic":null,"supportsEl":null,"identifiesControllerService":null},"templateValue":"${metadata.table.fieldIndexString}","userEditable":false,"renderType":"text","renderOptions":{},"selected":true,"inputProperty":false,"containsConfigurationVariables":false,"sensitive":false,"required":false,"templateProperty":null,"nameKey":"NiFi Flow-Initialize Feed Parameters-metadata.table.fieldIndexString","processorNameTypeKey":"Initialize Feed Parameters-org.apache.nifi.processors.attributes.UpdateAttribute-metadata.table.fieldIndexString","idKey":"afbcbd43-015b-1000-4231-921219dc51ce-7c627365-3d3a-4495-da31-b86a9ab9e113-metadata.table.fieldIndexString"},{"processGroupName":"NiFi Flow","processorName":"Initialize Feed Parameters","processorId":"7c627365-3d3a-4495-da31-b86a9ab9e113","processGroupId":"afbcbd43-015b-1000-4231-921219dc51ce","processorType":"org.apache.nifi.processors.attributes.UpdateAttribute","key":"metadata.table.fieldPoliciesJson","value":"${metadata.table.fieldPoliciesJson}","expressionProperties":null,"propertyDescriptor":{"name":"metadata.table.fieldPoliciesJson","displayName":null,"description":null,"defaultValue":null,"allowableValues":null,"required":null,"sensitive":null,"dynamic":null,"supportsEl":null,"identifiesControllerService":null},"templateValue":"${metadata.table.fieldPoliciesJson}","userEditable":false,"renderType":"text","renderOptions":{},"selected":true,"inputProperty":false,"containsConfigurationVariables":false,"sensitive":false,"required":false,"templateProperty":null,"nameKey":"NiFi Flow-Initialize Feed Parameters-metadata.table.fieldPoliciesJson","processorNameTypeKey":"Initialize Feed Parameters-org.apache.nifi.processors.attributes.UpdateAttribute-metadata.table.fieldPoliciesJson","idKey":"afbcbd43-015b-1000-4231-921219dc51ce-7c627365-3d3a-4495-da31-b86a9ab9e113-metadata.table.fieldPoliciesJson"},{"processGroupName":"NiFi Flow","processorName":"Initialize Feed Parameters","processorId":"7c627365-3d3a-4495-da31-b86a9ab9e113","processGroupId":"afbcbd43-015b-1000-4231-921219dc51ce","processorType":"org.apache.nifi.processors.attributes.UpdateAttribute","key":"metadata.table.fieldStructure","value":"${metadata.table.fieldStructure}","expressionProperties":null,"propertyDescriptor":{"name":"metadata.table.fieldStructure","displayName":null,"description":null,"defaultValue":null,"allowableValues":null,"required":null,"sensitive":null,"dynamic":null,"supportsEl":null,"identifiesControllerService":null},"templateValue":"${metadata.table.fieldStructure}","userEditable":false,"renderType":"text","renderOptions":{},"selected":true,"inputProperty":false,"containsConfigurationVariables":false,"sensitive":false,"required":false,"templateProperty":null,"nameKey":"NiFi Flow-Initialize Feed Parameters-metadata.table.fieldStructure","processorNameTypeKey":"Initialize Feed Parameters-org.apache.nifi.processors.attributes.UpdateAttribute-metadata.table.fieldStructure","idKey":"afbcbd43-015b-1000-4231-921219dc51ce-7c627365-3d3a-4495-da31-b86a9ab9e113-metadata.table.fieldStructure"},{"processGroupName":"NiFi Flow","processorName":"Initialize Feed Parameters","processorId":"7c627365-3d3a-4495-da31-b86a9ab9e113","processGroupId":"afbcbd43-015b-1000-4231-921219dc51ce","processorType":"org.apache.nifi.processors.attributes.UpdateAttribute","key":"metadata.table.partitionSpecs","value":"${metadata.table.partitionSpecs}","expressionProperties":null,"propertyDescriptor":{"name":"metadata.table.partitionSpecs","displayName":null,"description":null,"defaultValue":null,"allowableValues":null,"required":null,"sensitive":null,"dynamic":null,"supportsEl":null,"identifiesControllerService":null},"templateValue":"${metadata.table.partitionSpecs}","userEditable":false,"renderType":"text","renderOptions":{},"selected":true,"inputProperty":false,"containsConfigurationVariables":false,"sensitive":false,"required":false,"templateProperty":null,"nameKey":"NiFi Flow-Initialize Feed Parameters-metadata.table.partitionSpecs","processorNameTypeKey":"Initialize Feed Parameters-org.apache.nifi.processors.attributes.UpdateAttribute-metadata.table.partitionSpecs","idKey":"afbcbd43-015b-1000-4231-921219dc51ce-7c627365-3d3a-4495-da31-b86a9ab9e113-metadata.table.partitionSpecs"},{"processGroupName":"NiFi Flow","processorName":"Initialize Feed Parameters","processorId":"7c627365-3d3a-4495-da31-b86a9ab9e113","processGroupId":"afbcbd43-015b-1000-4231-921219dc51ce","processorType":"org.apache.nifi.processors.attributes.UpdateAttribute","key":"metadata.table.partitionStructure","value":"${metadata.table.partitionStructure}","expressionProperties":null,"propertyDescriptor":{"name":"metadata.table.partitionStructure","displayName":null,"description":null,"defaultValue":null,"allowableValues":null,"required":null,"sensitive":null,"dynamic":null,"supportsEl":null,"identifiesControllerService":null},"templateValue":"${metadata.table.partitionStructure}","userEditable":false,"renderType":"text","renderOptions":{},"selected":true,"inputProperty":false,"containsConfigurationVariables":false,"sensitive":false,"required":false,"templateProperty":null,"nameKey":"NiFi Flow-Initialize Feed Parameters-metadata.table.partitionStructure","processorNameTypeKey":"Initialize Feed Parameters-org.apache.nifi.processors.attributes.UpdateAttribute-metadata.table.partitionStructure","idKey":"afbcbd43-015b-1000-4231-921219dc51ce-7c627365-3d3a-4495-da31-b86a9ab9e113-metadata.table.partitionStructure"},{"processGroupName":"NiFi Flow","processorName":"Initialize Feed Parameters","processorId":"7c627365-3d3a-4495-da31-b86a9ab9e113","processGroupId":"afbcbd43-015b-1000-4231-921219dc51ce","processorType":"org.apache.nifi.processors.attributes.UpdateAttribute","key":"metadata.table.targetFormat","value":"${metadata.table.targetFormat}","expressionProperties":null,"propertyDescriptor":{"name":"metadata.table.targetFormat","displayName":null,"description":null,"defaultValue":null,"allowableValues":null,"required":null,"sensitive":null,"dynamic":null,"supportsEl":null,"identifiesControllerService":null},"templateValue":"${metadata.table.targetFormat}","userEditable":false,"renderType":"text","renderOptions":{},"selected":true,"inputProperty":false,"containsConfigurationVariables":false,"sensitive":false,"required":false,"templateProperty":null,"nameKey":"NiFi Flow-Initialize Feed Parameters-metadata.table.targetFormat","processorNameTypeKey":"Initialize Feed Parameters-org.apache.nifi.processors.attributes.UpdateAttribute-metadata.table.targetFormat","idKey":"afbcbd43-015b-1000-4231-921219dc51ce-7c627365-3d3a-4495-da31-b86a9ab9e113-metadata.table.targetFormat"},{"processGroupName":"NiFi Flow","processorName":"Initialize Feed Parameters","processorId":"7c627365-3d3a-4495-da31-b86a9ab9e113","processGroupId":"afbcbd43-015b-1000-4231-921219dc51ce","processorType":"org.apache.nifi.processors.attributes.UpdateAttribute","key":"metadata.table.targetMergeStrategy","value":"${metadata.table.targetMergeStrategy}","expressionProperties":null,"propertyDescriptor":{"name":"metadata.table.targetMergeStrategy","displayName":null,"description":null,"defaultValue":null,"allowableValues":null,"required":null,"sensitive":null,"dynamic":null,"supportsEl":null,"identifiesControllerService":null},"templateValue":"${metadata.table.targetMergeStrategy}","userEditable":false,"renderType":"text","renderOptions":{},"selected":true,"inputProperty":false,"containsConfigurationVariables":false,"sensitive":false,"required":false,"templateProperty":null,"nameKey":"NiFi Flow-Initialize Feed Parameters-metadata.table.targetMergeStrategy","processorNameTypeKey":"Initialize Feed Parameters-org.apache.nifi.processors.attributes.UpdateAttribute-metadata.table.targetMergeStrategy","idKey":"afbcbd43-015b-1000-4231-921219dc51ce-7c627365-3d3a-4495-da31-b86a9ab9e113-metadata.table.targetMergeStrategy"},{"processGroupName":"NiFi Flow","processorName":"Initialize Feed Parameters","processorId":"7c627365-3d3a-4495-da31-b86a9ab9e113","processGroupId":"afbcbd43-015b-1000-4231-921219dc51ce","processorType":"org.apache.nifi.processors.attributes.UpdateAttribute","key":"metadata.table.targetTblProperties","value":"${metadata.table.targetTblProperties}","expressionProperties":null,"propertyDescriptor":{"name":"metadata.table.targetTblProperties","displayName":null,"description":null,"defaultValue":null,"allowableValues":null,"required":null,"sensitive":null,"dynamic":null,"supportsEl":null,"identifiesControllerService":null},"templateValue":"${metadata.table.targetTblProperties}","userEditable":false,"renderType":"text","renderOptions":{},"selected":true,"inputProperty":false,"containsConfigurationVariables":false,"sensitive":false,"required":false,"templateProperty":null,"nameKey":"NiFi Flow-Initialize Feed Parameters-metadata.table.targetTblProperties","processorNameTypeKey":"Initialize Feed Parameters-org.apache.nifi.processors.attributes.UpdateAttribute-metadata.table.targetTblProperties","idKey":"afbcbd43-015b-1000-4231-921219dc51ce-7c627365-3d3a-4495-da31-b86a9ab9e113-metadata.table.targetTblProperties"},{"processGroupName":"NiFi Flow","processorName":"Initialize Feed Parameters","processorId":"7c627365-3d3a-4495-da31-b86a9ab9e113","processGroupId":"afbcbd43-015b-1000-4231-921219dc51ce","processorType":"org.apache.nifi.processors.attributes.UpdateAttribute","key":"skipHeader","value":"${metadata.options.skipHeader}","expressionProperties":null,"propertyDescriptor":{"name":"skipHeader","displayName":null,"description":null,"defaultValue":null,"allowableValues":null,"required":null,"sensitive":null,"dynamic":null,"supportsEl":null,"identifiesControllerService":null},"templateValue":"${metadata.options.skipHeader}","userEditable":false,"renderType":"text","renderOptions":{},"selected":true,"inputProperty":false,"containsConfigurationVariables":false,"sensitive":false,"required":false,"templateProperty":null,"nameKey":"NiFi Flow-Initialize Feed Parameters-skipHeader","processorNameTypeKey":"Initialize Feed Parameters-org.apache.nifi.processors.attributes.UpdateAttribute-skipHeader","idKey":"afbcbd43-015b-1000-4231-921219dc51ce-7c627365-3d3a-4495-da31-b86a9ab9e113-skipHeader"},{"processGroupName":"NiFi Flow","processorName":"No Data - Release Highwater Mark","processorId":"015a100f-46a9-12f6-5a29-98b9deb7448c","processGroupId":"afbcbd43-015b-1000-4231-921219dc51ce","processorType":"com.thinkbiganalytics.nifi.v2.core.watermark.ReleaseHighWaterMark","key":"System feed category","value":"${metadata.category.systemName}","expressionProperties":null,"propertyDescriptor":{"name":"System feed category","displayName":null,"description":null,"defaultValue":null,"allowableValues":null,"required":null,"sensitive":null,"dynamic":null,"supportsEl":null,"identifiesControllerService":null},"templateValue":"${metadata.category.systemName}","userEditable":false,"renderType":"text","renderOptions":{},"selected":true,"inputProperty":false,"containsConfigurationVariables":false,"sensitive":false,"required":false,"templateProperty":null,"nameKey":"NiFi Flow-No Data - Release Highwater Mark-System feed category","processorNameTypeKey":"No Data - Release Highwater Mark-com.thinkbiganalytics.nifi.v2.core.watermark.ReleaseHighWaterMark-System feed category","idKey":"afbcbd43-015b-1000-4231-921219dc51ce-015a100f-46a9-12f6-5a29-98b9deb7448c-System feed category"},{"processGroupName":"NiFi Flow","processorName":"No Data - Release Highwater Mark","processorId":"015a100f-46a9-12f6-5a29-98b9deb7448c","processGroupId":"afbcbd43-015b-1000-4231-921219dc51ce","processorType":"com.thinkbiganalytics.nifi.v2.core.watermark.ReleaseHighWaterMark","key":"System feed name","value":"${metadata.systemFeedName}","expressionProperties":null,"propertyDescriptor":{"name":"System feed name","displayName":null,"description":null,"defaultValue":null,"allowableValues":null,"required":null,"sensitive":null,"dynamic":null,"supportsEl":null,"identifiesControllerService":null},"templateValue":"${metadata.systemFeedName}","userEditable":false,"renderType":"text","renderOptions":{},"selected":true,"inputProperty":false,"containsConfigurationVariables":false,"sensitive":false,"required":false,"templateProperty":null,"nameKey":"NiFi Flow-No Data - Release Highwater Mark-System feed name","processorNameTypeKey":"No Data - Release Highwater Mark-com.thinkbiganalytics.nifi.v2.core.watermark.ReleaseHighWaterMark-System feed name","idKey":"afbcbd43-015b-1000-4231-921219dc51ce-015a100f-46a9-12f6-5a29-98b9deb7448c-System feed name"}],"nonInputProcessors":[{"properties":[{"processGroupName":"NiFi Flow","processorName":"No Data - Release Highwater Mark","processorId":"015a100f-46a9-12f6-5a29-98b9deb7448c","processGroupId":"afbcbd43-015b-1000-4231-921219dc51ce","processorType":"com.thinkbiganalytics.nifi.v2.core.watermark.ReleaseHighWaterMark","key":"System feed category","value":"${metadata.category.systemName}","expressionProperties":null,"propertyDescriptor":{"name":"System feed category","displayName":null,"description":null,"defaultValue":null,"allowableValues":null,"required":null,"sensitive":null,"dynamic":null,"supportsEl":null,"identifiesControllerService":null},"templateValue":"${metadata.category.systemName}","userEditable":false,"renderType":"text","renderOptions":{},"selected":true,"inputProperty":false,"containsConfigurationVariables":false,"sensitive":false,"required":false,"templateProperty":null,"nameKey":"NiFi Flow-No Data - Release Highwater Mark-System feed category","processorNameTypeKey":"No Data - Release Highwater Mark-com.thinkbiganalytics.nifi.v2.core.watermark.ReleaseHighWaterMark-System feed category","idKey":"afbcbd43-015b-1000-4231-921219dc51ce-015a100f-46a9-12f6-5a29-98b9deb7448c-System feed category"},{"processGroupName":"NiFi Flow","processorName":"No Data - Release Highwater Mark","processorId":"015a100f-46a9-12f6-5a29-98b9deb7448c","processGroupId":"afbcbd43-015b-1000-4231-921219dc51ce","processorType":"com.thinkbiganalytics.nifi.v2.core.watermark.ReleaseHighWaterMark","key":"System feed name","value":"${metadata.systemFeedName}","expressionProperties":null,"propertyDescriptor":{"name":"System feed name","displayName":null,"description":null,"defaultValue":null,"allowableValues":null,"required":null,"sensitive":null,"dynamic":null,"supportsEl":null,"identifiesControllerService":null},"templateValue":"${metadata.systemFeedName}","userEditable":false,"renderType":"text","renderOptions":{},"selected":true,"inputProperty":false,"containsConfigurationVariables":false,"sensitive":false,"required":false,"templateProperty":null,"nameKey":"NiFi Flow-No Data - Release Highwater Mark-System feed name","processorNameTypeKey":"No Data - Release Highwater Mark-com.thinkbiganalytics.nifi.v2.core.watermark.ReleaseHighWaterMark-System feed name","idKey":"afbcbd43-015b-1000-4231-921219dc51ce-015a100f-46a9-12f6-5a29-98b9deb7448c-System feed name"}],"type":"com.thinkbiganalytics.nifi.v2.core.watermark.ReleaseHighWaterMark","name":"No Data - Release Highwater Mark","id":"015a100f-46a9-12f6-5a29-98b9deb7448c","groupName":"NiFi Flow","groupId":"afbcbd43-015b-1000-4231-921219dc51ce","inputProcessor":false,"userDefinedInputProcessor":false},{"properties":[{"processGroupName":"NiFi Flow","processorName":"Initialize Cleanup Parameters","processorId":"3d3a4495-7365-1c62-a0b1-e9235a41f594","processGroupId":"afbcbd43-015b-1000-4231-921219dc51ce","processorType":"org.apache.nifi.processors.attributes.UpdateAttribute","key":"category","value":"${metadata.category.systemName}","expressionProperties":null,"propertyDescriptor":{"name":"category","displayName":null,"description":null,"defaultValue":null,"allowableValues":null,"required":null,"sensitive":null,"dynamic":null,"supportsEl":null,"identifiesControllerService":null},"templateValue":"${metadata.category.systemName}","userEditable":false,"renderType":"text","renderOptions":{},"selected":true,"inputProperty":false,"containsConfigurationVariables":false,"sensitive":false,"required":false,"templateProperty":null,"nameKey":"NiFi Flow-Initialize Cleanup Parameters-category","processorNameTypeKey":"Initialize Cleanup Parameters-org.apache.nifi.processors.attributes.UpdateAttribute-category","idKey":"afbcbd43-015b-1000-4231-921219dc51ce-3d3a4495-7365-1c62-a0b1-e9235a41f594-category"},{"processGroupName":"NiFi Flow","processorName":"Initialize Cleanup Parameters","processorId":"3d3a4495-7365-1c62-a0b1-e9235a41f594","processGroupId":"afbcbd43-015b-1000-4231-921219dc51ce","processorType":"org.apache.nifi.processors.attributes.UpdateAttribute","key":"feed","value":"${metadata.systemFeedName}","expressionProperties":null,"propertyDescriptor":{"name":"feed","displayName":null,"description":null,"defaultValue":null,"allowableValues":null,"required":null,"sensitive":null,"dynamic":null,"supportsEl":null,"identifiesControllerService":null},"templateValue":"${metadata.systemFeedName}","userEditable":false,"renderType":"text","renderOptions":{},"selected":true,"inputProperty":false,"containsConfigurationVariables":false,"sensitive":false,"required":false,"templateProperty":null,"nameKey":"NiFi Flow-Initialize Cleanup Parameters-feed","processorNameTypeKey":"Initialize Cleanup Parameters-org.apache.nifi.processors.attributes.UpdateAttribute-feed","idKey":"afbcbd43-015b-1000-4231-921219dc51ce-3d3a4495-7365-1c62-a0b1-e9235a41f594-feed"},{"processGroupName":"NiFi Flow","processorName":"Initialize Cleanup Parameters","processorId":"3d3a4495-7365-1c62-a0b1-e9235a41f594","processGroupId":"afbcbd43-015b-1000-4231-921219dc51ce","processorType":"org.apache.nifi.processors.attributes.UpdateAttribute","key":"hdfs.ingest.root","value":"${config.hdfs.ingest.root}","expressionProperties":null,"propertyDescriptor":{"name":"hdfs.ingest.root","displayName":null,"description":null,"defaultValue":null,"allowableValues":null,"required":null,"sensitive":null,"dynamic":null,"supportsEl":null,"identifiesControllerService":null},"templateValue":"${config.hdfs.ingest.root}","userEditable":false,"renderType":"text","renderOptions":{},"selected":true,"inputProperty":false,"containsConfigurationVariables":false,"sensitive":false,"required":false,"templateProperty":null,"nameKey":"NiFi Flow-Initialize Cleanup Parameters-hdfs.ingest.root","processorNameTypeKey":"Initialize Cleanup Parameters-org.apache.nifi.processors.attributes.UpdateAttribute-hdfs.ingest.root","idKey":"afbcbd43-015b-1000-4231-921219dc51ce-3d3a4495-7365-1c62-a0b1-e9235a41f594-hdfs.ingest.root"},{"processGroupName":"NiFi Flow","processorName":"Initialize Cleanup Parameters","processorId":"3d3a4495-7365-1c62-a0b1-e9235a41f594","processGroupId":"afbcbd43-015b-1000-4231-921219dc51ce","processorType":"org.apache.nifi.processors.attributes.UpdateAttribute","key":"hive.ingest.root","value":"${config.hive.ingest.root}","expressionProperties":null,"propertyDescriptor":{"name":"hive.ingest.root","displayName":null,"description":null,"defaultValue":null,"allowableValues":null,"required":null,"sensitive":null,"dynamic":null,"supportsEl":null,"identifiesControllerService":null},"templateValue":"${config.hive.ingest.root}","userEditable":false,"renderType":"text","renderOptions":{},"selected":true,"inputProperty":false,"containsConfigurationVariables":false,"sensitive":false,"required":false,"templateProperty":null,"nameKey":"NiFi Flow-Initialize Cleanup Parameters-hive.ingest.root","processorNameTypeKey":"Initialize Cleanup Parameters-org.apache.nifi.processors.attributes.UpdateAttribute-hive.ingest.root","idKey":"afbcbd43-015b-1000-4231-921219dc51ce-3d3a4495-7365-1c62-a0b1-e9235a41f594-hive.ingest.root"},{"processGroupName":"NiFi Flow","processorName":"Initialize Cleanup Parameters","processorId":"3d3a4495-7365-1c62-a0b1-e9235a41f594","processGroupId":"afbcbd43-015b-1000-4231-921219dc51ce","processorType":"org.apache.nifi.processors.attributes.UpdateAttribute","key":"hive.master.root","value":"${config.hive.master.root}","expressionProperties":null,"propertyDescriptor":{"name":"hive.master.root","displayName":null,"description":null,"defaultValue":null,"allowableValues":null,"required":null,"sensitive":null,"dynamic":null,"supportsEl":null,"identifiesControllerService":null},"templateValue":"${config.hive.master.root}","userEditable":false,"renderType":"text","renderOptions":{},"selected":true,"inputProperty":false,"containsConfigurationVariables":false,"sensitive":false,"required":false,"templateProperty":null,"nameKey":"NiFi Flow-Initialize Cleanup Parameters-hive.master.root","processorNameTypeKey":"Initialize Cleanup Parameters-org.apache.nifi.processors.attributes.UpdateAttribute-hive.master.root","idKey":"afbcbd43-015b-1000-4231-921219dc51ce-3d3a4495-7365-1c62-a0b1-e9235a41f594-hive.master.root"},{"processGroupName":"NiFi Flow","processorName":"Initialize Cleanup Parameters","processorId":"3d3a4495-7365-1c62-a0b1-e9235a41f594","processGroupId":"afbcbd43-015b-1000-4231-921219dc51ce","processorType":"org.apache.nifi.processors.attributes.UpdateAttribute","key":"hive.profile.root","value":"${config.hive.profile.root}","expressionProperties":null,"propertyDescriptor":{"name":"hive.profile.root","displayName":null,"description":null,"defaultValue":null,"allowableValues":null,"required":null,"sensitive":null,"dynamic":null,"supportsEl":null,"identifiesControllerService":null},"templateValue":"${config.hive.profile.root}","userEditable":false,"renderType":"text","renderOptions":{},"selected":true,"inputProperty":false,"containsConfigurationVariables":false,"sensitive":false,"required":false,"templateProperty":null,"nameKey":"NiFi Flow-Initialize Cleanup Parameters-hive.profile.root","processorNameTypeKey":"Initialize Cleanup Parameters-org.apache.nifi.processors.attributes.UpdateAttribute-hive.profile.root","idKey":"afbcbd43-015b-1000-4231-921219dc51ce-3d3a4495-7365-1c62-a0b1-e9235a41f594-hive.profile.root"}],"type":"org.apache.nifi.processors.attributes.UpdateAttribute","name":"Initialize Cleanup Parameters","id":"3d3a4495-7365-1c62-a0b1-e9235a41f594","groupName":"NiFi Flow","groupId":"afbcbd43-015b-1000-4231-921219dc51ce","inputProcessor":false,"userDefinedInputProcessor":false},{"properties":[{"processGroupName":"NiFi Flow","processorName":"Failed - Release Highwater Mark","processorId":"eb244f65-aaa3-1bba-088c-e7ac0fdf1ea8","processGroupId":"afbcbd43-015b-1000-4231-921219dc51ce","processorType":"com.thinkbiganalytics.nifi.v2.core.watermark.ReleaseHighWaterMark","key":"System feed category","value":"${metadata.category.systemName}","expressionProperties":null,"propertyDescriptor":{"name":"System feed category","displayName":null,"description":null,"defaultValue":null,"allowableValues":null,"required":null,"sensitive":null,"dynamic":null,"supportsEl":null,"identifiesControllerService":null},"templateValue":"${metadata.category.systemName}","userEditable":false,"renderType":"text","renderOptions":{},"selected":true,"inputProperty":false,"containsConfigurationVariables":false,"sensitive":false,"required":false,"templateProperty":null,"nameKey":"NiFi Flow-Failed - Release Highwater Mark-System feed category","processorNameTypeKey":"Failed - Release Highwater Mark-com.thinkbiganalytics.nifi.v2.core.watermark.ReleaseHighWaterMark-System feed category","idKey":"afbcbd43-015b-1000-4231-921219dc51ce-eb244f65-aaa3-1bba-088c-e7ac0fdf1ea8-System feed category"},{"processGroupName":"NiFi Flow","processorName":"Failed - Release Highwater Mark","processorId":"eb244f65-aaa3-1bba-088c-e7ac0fdf1ea8","processGroupId":"afbcbd43-015b-1000-4231-921219dc51ce","processorType":"com.thinkbiganalytics.nifi.v2.core.watermark.ReleaseHighWaterMark","key":"System feed name","value":"${metadata.systemFeedName}","expressionProperties":null,"propertyDescriptor":{"name":"System feed name","displayName":null,"description":null,"defaultValue":null,"allowableValues":null,"required":null,"sensitive":null,"dynamic":null,"supportsEl":null,"identifiesControllerService":null},"templateValue":"${metadata.systemFeedName}","userEditable":false,"renderType":"text","renderOptions":{},"selected":true,"inputProperty":false,"containsConfigurationVariables":false,"sensitive":false,"required":false,"templateProperty":null,"nameKey":"NiFi Flow-Failed - Release Highwater Mark-System feed name","processorNameTypeKey":"Failed - Release Highwater Mark-com.thinkbiganalytics.nifi.v2.core.watermark.ReleaseHighWaterMark-System feed name","idKey":"afbcbd43-015b-1000-4231-921219dc51ce-eb244f65-aaa3-1bba-088c-e7ac0fdf1ea8-System feed name"}],"type":"com.thinkbiganalytics.nifi.v2.core.watermark.ReleaseHighWaterMark","name":"Failed - Release Highwater Mark","id":"eb244f65-aaa3-1bba-088c-e7ac0fdf1ea8","groupName":"NiFi Flow","groupId":"afbcbd43-015b-1000-4231-921219dc51ce","inputProcessor":false,"userDefinedInputProcessor":false},{"properties":[{"processGroupName":"NiFi Flow","processorName":"Initialize Feed Parameters","processorId":"7c627365-3d3a-4495-da31-b86a9ab9e113","processGroupId":"afbcbd43-015b-1000-4231-921219dc51ce","processorType":"org.apache.nifi.processors.attributes.UpdateAttribute","key":"category","value":"${metadata.category.systemName}","expressionProperties":null,"propertyDescriptor":{"name":"category","displayName":null,"description":null,"defaultValue":null,"allowableValues":null,"required":null,"sensitive":null,"dynamic":null,"supportsEl":null,"identifiesControllerService":null},"templateValue":"${metadata.category.systemName}","userEditable":false,"renderType":"text","renderOptions":{},"selected":true,"inputProperty":false,"containsConfigurationVariables":false,"sensitive":false,"required":false,"templateProperty":null,"nameKey":"NiFi Flow-Initialize Feed Parameters-category","processorNameTypeKey":"Initialize Feed Parameters-org.apache.nifi.processors.attributes.UpdateAttribute-category","idKey":"afbcbd43-015b-1000-4231-921219dc51ce-7c627365-3d3a-4495-da31-b86a9ab9e113-category"},{"processGroupName":"NiFi Flow","processorName":"Initialize Feed Parameters","processorId":"7c627365-3d3a-4495-da31-b86a9ab9e113","processGroupId":"afbcbd43-015b-1000-4231-921219dc51ce","processorType":"org.apache.nifi.processors.attributes.UpdateAttribute","key":"feed","value":"${metadata.systemFeedName}","expressionProperties":null,"propertyDescriptor":{"name":"feed","displayName":null,"description":null,"defaultValue":null,"allowableValues":null,"required":null,"sensitive":null,"dynamic":null,"supportsEl":null,"identifiesControllerService":null},"templateValue":"${metadata.systemFeedName}","userEditable":false,"renderType":"text","renderOptions":{},"selected":true,"inputProperty":false,"containsConfigurationVariables":false,"sensitive":false,"required":false,"templateProperty":null,"nameKey":"NiFi Flow-Initialize Feed Parameters-feed","processorNameTypeKey":"Initialize Feed Parameters-org.apache.nifi.processors.attributes.UpdateAttribute-feed","idKey":"afbcbd43-015b-1000-4231-921219dc51ce-7c627365-3d3a-4495-da31-b86a9ab9e113-feed"},{"processGroupName":"NiFi Flow","processorName":"Initialize Feed Parameters","processorId":"7c627365-3d3a-4495-da31-b86a9ab9e113","processGroupId":"afbcbd43-015b-1000-4231-921219dc51ce","processorType":"org.apache.nifi.processors.attributes.UpdateAttribute","key":"hdfs.ingest.root","value":"${config.hdfs.ingest.root}","expressionProperties":null,"propertyDescriptor":{"name":"hdfs.ingest.root","displayName":null,"description":null,"defaultValue":null,"allowableValues":null,"required":null,"sensitive":null,"dynamic":null,"supportsEl":null,"identifiesControllerService":null},"templateValue":"${config.hdfs.ingest.root}","userEditable":false,"renderType":"text","renderOptions":{},"selected":true,"inputProperty":false,"containsConfigurationVariables":false,"sensitive":false,"required":false,"templateProperty":null,"nameKey":"NiFi Flow-Initialize Feed Parameters-hdfs.ingest.root","processorNameTypeKey":"Initialize Feed Parameters-org.apache.nifi.processors.attributes.UpdateAttribute-hdfs.ingest.root","idKey":"afbcbd43-015b-1000-4231-921219dc51ce-7c627365-3d3a-4495-da31-b86a9ab9e113-hdfs.ingest.root"},{"processGroupName":"NiFi Flow","processorName":"Initialize Feed Parameters","processorId":"7c627365-3d3a-4495-da31-b86a9ab9e113","processGroupId":"afbcbd43-015b-1000-4231-921219dc51ce","processorType":"org.apache.nifi.processors.attributes.UpdateAttribute","key":"hive.ingest.root","value":"${config.hive.ingest.root}","expressionProperties":null,"propertyDescriptor":{"name":"hive.ingest.root","displayName":null,"description":null,"defaultValue":null,"allowableValues":null,"required":null,"sensitive":null,"dynamic":null,"supportsEl":null,"identifiesControllerService":null},"templateValue":"${config.hive.ingest.root}","userEditable":false,"renderType":"text","renderOptions":{},"selected":true,"inputProperty":false,"containsConfigurationVariables":false,"sensitive":false,"required":false,"templateProperty":null,"nameKey":"NiFi Flow-Initialize Feed Parameters-hive.ingest.root","processorNameTypeKey":"Initialize Feed Parameters-org.apache.nifi.processors.attributes.UpdateAttribute-hive.ingest.root","idKey":"afbcbd43-015b-1000-4231-921219dc51ce-7c627365-3d3a-4495-da31-b86a9ab9e113-hive.ingest.root"},{"processGroupName":"NiFi Flow","processorName":"Initialize Feed Parameters","processorId":"7c627365-3d3a-4495-da31-b86a9ab9e113","processGroupId":"afbcbd43-015b-1000-4231-921219dc51ce","processorType":"org.apache.nifi.processors.attributes.UpdateAttribute","key":"hive.master.root","value":"${config.hive.master.root}","expressionProperties":null,"propertyDescriptor":{"name":"hive.master.root","displayName":null,"description":null,"defaultValue":null,"allowableValues":null,"required":null,"sensitive":null,"dynamic":null,"supportsEl":null,"identifiesControllerService":null},"templateValue":"${config.hive.master.root}","userEditable":false,"renderType":"text","renderOptions":{},"selected":true,"inputProperty":false,"containsConfigurationVariables":false,"sensitive":false,"required":false,"templateProperty":null,"nameKey":"NiFi Flow-Initialize Feed Parameters-hive.master.root","processorNameTypeKey":"Initialize Feed Parameters-org.apache.nifi.processors.attributes.UpdateAttribute-hive.master.root","idKey":"afbcbd43-015b-1000-4231-921219dc51ce-7c627365-3d3a-4495-da31-b86a9ab9e113-hive.master.root"},{"processGroupName":"NiFi Flow","processorName":"Initialize Feed Parameters","processorId":"7c627365-3d3a-4495-da31-b86a9ab9e113","processGroupId":"afbcbd43-015b-1000-4231-921219dc51ce","processorType":"org.apache.nifi.processors.attributes.UpdateAttribute","key":"hive.profile.root","value":"${config.hive.profile.root}","expressionProperties":null,"propertyDescriptor":{"name":"hive.profile.root","displayName":null,"description":null,"defaultValue":null,"allowableValues":null,"required":null,"sensitive":null,"dynamic":null,"supportsEl":null,"identifiesControllerService":null},"templateValue":"${config.hive.profile.root}","userEditable":false,"renderType":"text","renderOptions":{},"selected":true,"inputProperty":false,"containsConfigurationVariables":false,"sensitive":false,"required":false,"templateProperty":null,"nameKey":"NiFi Flow-Initialize Feed Parameters-hive.profile.root","processorNameTypeKey":"Initialize Feed Parameters-org.apache.nifi.processors.attributes.UpdateAttribute-hive.profile.root","idKey":"afbcbd43-015b-1000-4231-921219dc51ce-7c627365-3d3a-4495-da31-b86a9ab9e113-hive.profile.root"},{"processGroupName":"NiFi Flow","processorName":"Initialize Feed Parameters","processorId":"7c627365-3d3a-4495-da31-b86a9ab9e113","processGroupId":"afbcbd43-015b-1000-4231-921219dc51ce","processorType":"org.apache.nifi.processors.attributes.UpdateAttribute","key":"metadata.table.feedFieldStructure","value":"${metadata.table.feedFieldStructure}","expressionProperties":null,"propertyDescriptor":{"name":"metadata.table.feedFieldStructure","displayName":null,"description":null,"defaultValue":null,"allowableValues":null,"required":null,"sensitive":null,"dynamic":null,"supportsEl":null,"identifiesControllerService":null},"templateValue":"${metadata.table.feedFieldStructure}","userEditable":false,"renderType":"text","renderOptions":{},"selected":true,"inputProperty":false,"containsConfigurationVariables":false,"sensitive":false,"required":false,"templateProperty":null,"nameKey":"NiFi Flow-Initialize Feed Parameters-metadata.table.feedFieldStructure","processorNameTypeKey":"Initialize Feed Parameters-org.apache.nifi.processors.attributes.UpdateAttribute-metadata.table.feedFieldStructure","idKey":"afbcbd43-015b-1000-4231-921219dc51ce-7c627365-3d3a-4495-da31-b86a9ab9e113-metadata.table.feedFieldStructure"},{"processGroupName":"NiFi Flow","processorName":"Initialize Feed Parameters","processorId":"7c627365-3d3a-4495-da31-b86a9ab9e113","processGroupId":"afbcbd43-015b-1000-4231-921219dc51ce","processorType":"org.apache.nifi.processors.attributes.UpdateAttribute","key":"metadata.table.feedFormat","value":"${metadata.table.feedFormat}","expressionProperties":null,"propertyDescriptor":{"name":"metadata.table.feedFormat","displayName":null,"description":null,"defaultValue":null,"allowableValues":null,"required":null,"sensitive":null,"dynamic":null,"supportsEl":null,"identifiesControllerService":null},"templateValue":"${metadata.table.feedFormat}","userEditable":false,"renderType":"text","renderOptions":{},"selected":true,"inputProperty":false,"containsConfigurationVariables":false,"sensitive":false,"required":false,"templateProperty":null,"nameKey":"NiFi Flow-Initialize Feed Parameters-metadata.table.feedFormat","processorNameTypeKey":"Initialize Feed Parameters-org.apache.nifi.processors.attributes.UpdateAttribute-metadata.table.feedFormat","idKey":"afbcbd43-015b-1000-4231-921219dc51ce-7c627365-3d3a-4495-da31-b86a9ab9e113-metadata.table.feedFormat"},{"processGroupName":"NiFi Flow","processorName":"Initialize Feed Parameters","processorId":"7c627365-3d3a-4495-da31-b86a9ab9e113","processGroupId":"afbcbd43-015b-1000-4231-921219dc51ce","processorType":"org.apache.nifi.processors.attributes.UpdateAttribute","key":"metadata.table.fieldIndexString","value":"${metadata.table.fieldIndexString}","expressionProperties":null,"propertyDescriptor":{"name":"metadata.table.fieldIndexString","displayName":null,"description":null,"defaultValue":null,"allowableValues":null,"required":null,"sensitive":null,"dynamic":null,"supportsEl":null,"identifiesControllerService":null},"templateValue":"${metadata.table.fieldIndexString}","userEditable":false,"renderType":"text","renderOptions":{},"selected":true,"inputProperty":false,"containsConfigurationVariables":false,"sensitive":false,"required":false,"templateProperty":null,"nameKey":"NiFi Flow-Initialize Feed Parameters-metadata.table.fieldIndexString","processorNameTypeKey":"Initialize Feed Parameters-org.apache.nifi.processors.attributes.UpdateAttribute-metadata.table.fieldIndexString","idKey":"afbcbd43-015b-1000-4231-921219dc51ce-7c627365-3d3a-4495-da31-b86a9ab9e113-metadata.table.fieldIndexString"},{"processGroupName":"NiFi Flow","processorName":"Initialize Feed Parameters","processorId":"7c627365-3d3a-4495-da31-b86a9ab9e113","processGroupId":"afbcbd43-015b-1000-4231-921219dc51ce","processorType":"org.apache.nifi.processors.attributes.UpdateAttribute","key":"metadata.table.fieldPoliciesJson","value":"${metadata.table.fieldPoliciesJson}","expressionProperties":null,"propertyDescriptor":{"name":"metadata.table.fieldPoliciesJson","displayName":null,"description":null,"defaultValue":null,"allowableValues":null,"required":null,"sensitive":null,"dynamic":null,"supportsEl":null,"identifiesControllerService":null},"templateValue":"${metadata.table.fieldPoliciesJson}","userEditable":false,"renderType":"text","renderOptions":{},"selected":true,"inputProperty":false,"containsConfigurationVariables":false,"sensitive":false,"required":false,"templateProperty":null,"nameKey":"NiFi Flow-Initialize Feed Parameters-metadata.table.fieldPoliciesJson","processorNameTypeKey":"Initialize Feed Parameters-org.apache.nifi.processors.attributes.UpdateAttribute-metadata.table.fieldPoliciesJson","idKey":"afbcbd43-015b-1000-4231-921219dc51ce-7c627365-3d3a-4495-da31-b86a9ab9e113-metadata.table.fieldPoliciesJson"},{"processGroupName":"NiFi Flow","processorName":"Initialize Feed Parameters","processorId":"7c627365-3d3a-4495-da31-b86a9ab9e113","processGroupId":"afbcbd43-015b-1000-4231-921219dc51ce","processorType":"org.apache.nifi.processors.attributes.UpdateAttribute","key":"metadata.table.fieldStructure","value":"${metadata.table.fieldStructure}","expressionProperties":null,"propertyDescriptor":{"name":"metadata.table.fieldStructure","displayName":null,"description":null,"defaultValue":null,"allowableValues":null,"required":null,"sensitive":null,"dynamic":null,"supportsEl":null,"identifiesControllerService":null},"templateValue":"${metadata.table.fieldStructure}","userEditable":false,"renderType":"text","renderOptions":{},"selected":true,"inputProperty":false,"containsConfigurationVariables":false,"sensitive":false,"required":false,"templateProperty":null,"nameKey":"NiFi Flow-Initialize Feed Parameters-metadata.table.fieldStructure","processorNameTypeKey":"Initialize Feed Parameters-org.apache.nifi.processors.attributes.UpdateAttribute-metadata.table.fieldStructure","idKey":"afbcbd43-015b-1000-4231-921219dc51ce-7c627365-3d3a-4495-da31-b86a9ab9e113-metadata.table.fieldStructure"},{"processGroupName":"NiFi Flow","processorName":"Initialize Feed Parameters","processorId":"7c627365-3d3a-4495-da31-b86a9ab9e113","processGroupId":"afbcbd43-015b-1000-4231-921219dc51ce","processorType":"org.apache.nifi.processors.attributes.UpdateAttribute","key":"metadata.table.partitionSpecs","value":"${metadata.table.partitionSpecs}","expressionProperties":null,"propertyDescriptor":{"name":"metadata.table.partitionSpecs","displayName":null,"description":null,"defaultValue":null,"allowableValues":null,"required":null,"sensitive":null,"dynamic":null,"supportsEl":null,"identifiesControllerService":null},"templateValue":"${metadata.table.partitionSpecs}","userEditable":false,"renderType":"text","renderOptions":{},"selected":true,"inputProperty":false,"containsConfigurationVariables":false,"sensitive":false,"required":false,"templateProperty":null,"nameKey":"NiFi Flow-Initialize Feed Parameters-metadata.table.partitionSpecs","processorNameTypeKey":"Initialize Feed Parameters-org.apache.nifi.processors.attributes.UpdateAttribute-metadata.table.partitionSpecs","idKey":"afbcbd43-015b-1000-4231-921219dc51ce-7c627365-3d3a-4495-da31-b86a9ab9e113-metadata.table.partitionSpecs"},{"processGroupName":"NiFi Flow","processorName":"Initialize Feed Parameters","processorId":"7c627365-3d3a-4495-da31-b86a9ab9e113","processGroupId":"afbcbd43-015b-1000-4231-921219dc51ce","processorType":"org.apache.nifi.processors.attributes.UpdateAttribute","key":"metadata.table.partitionStructure","value":"${metadata.table.partitionStructure}","expressionProperties":null,"propertyDescriptor":{"name":"metadata.table.partitionStructure","displayName":null,"description":null,"defaultValue":null,"allowableValues":null,"required":null,"sensitive":null,"dynamic":null,"supportsEl":null,"identifiesControllerService":null},"templateValue":"${metadata.table.partitionStructure}","userEditable":false,"renderType":"text","renderOptions":{},"selected":true,"inputProperty":false,"containsConfigurationVariables":false,"sensitive":false,"required":false,"templateProperty":null,"nameKey":"NiFi Flow-Initialize Feed Parameters-metadata.table.partitionStructure","processorNameTypeKey":"Initialize Feed Parameters-org.apache.nifi.processors.attributes.UpdateAttribute-metadata.table.partitionStructure","idKey":"afbcbd43-015b-1000-4231-921219dc51ce-7c627365-3d3a-4495-da31-b86a9ab9e113-metadata.table.partitionStructure"},{"processGroupName":"NiFi Flow","processorName":"Initialize Feed Parameters","processorId":"7c627365-3d3a-4495-da31-b86a9ab9e113","processGroupId":"afbcbd43-015b-1000-4231-921219dc51ce","processorType":"org.apache.nifi.processors.attributes.UpdateAttribute","key":"metadata.table.targetFormat","value":"${metadata.table.targetFormat}","expressionProperties":null,"propertyDescriptor":{"name":"metadata.table.targetFormat","displayName":null,"description":null,"defaultValue":null,"allowableValues":null,"required":null,"sensitive":null,"dynamic":null,"supportsEl":null,"identifiesControllerService":null},"templateValue":"${metadata.table.targetFormat}","userEditable":false,"renderType":"text","renderOptions":{},"selected":true,"inputProperty":false,"containsConfigurationVariables":false,"sensitive":false,"required":false,"templateProperty":null,"nameKey":"NiFi Flow-Initialize Feed Parameters-metadata.table.targetFormat","processorNameTypeKey":"Initialize Feed Parameters-org.apache.nifi.processors.attributes.UpdateAttribute-metadata.table.targetFormat","idKey":"afbcbd43-015b-1000-4231-921219dc51ce-7c627365-3d3a-4495-da31-b86a9ab9e113-metadata.table.targetFormat"},{"processGroupName":"NiFi Flow","processorName":"Initialize Feed Parameters","processorId":"7c627365-3d3a-4495-da31-b86a9ab9e113","processGroupId":"afbcbd43-015b-1000-4231-921219dc51ce","processorType":"org.apache.nifi.processors.attributes.UpdateAttribute","key":"metadata.table.targetMergeStrategy","value":"${metadata.table.targetMergeStrategy}","expressionProperties":null,"propertyDescriptor":{"name":"metadata.table.targetMergeStrategy","displayName":null,"description":null,"defaultValue":null,"allowableValues":null,"required":null,"sensitive":null,"dynamic":null,"supportsEl":null,"identifiesControllerService":null},"templateValue":"${metadata.table.targetMergeStrategy}","userEditable":false,"renderType":"text","renderOptions":{},"selected":true,"inputProperty":false,"containsConfigurationVariables":false,"sensitive":false,"required":false,"templateProperty":null,"nameKey":"NiFi Flow-Initialize Feed Parameters-metadata.table.targetMergeStrategy","processorNameTypeKey":"Initialize Feed Parameters-org.apache.nifi.processors.attributes.UpdateAttribute-metadata.table.targetMergeStrategy","idKey":"afbcbd43-015b-1000-4231-921219dc51ce-7c627365-3d3a-4495-da31-b86a9ab9e113-metadata.table.targetMergeStrategy"},{"processGroupName":"NiFi Flow","processorName":"Initialize Feed Parameters","processorId":"7c627365-3d3a-4495-da31-b86a9ab9e113","processGroupId":"afbcbd43-015b-1000-4231-921219dc51ce","processorType":"org.apache.nifi.processors.attributes.UpdateAttribute","key":"metadata.table.targetTblProperties","value":"${metadata.table.targetTblProperties}","expressionProperties":null,"propertyDescriptor":{"name":"metadata.table.targetTblProperties","displayName":null,"description":null,"defaultValue":null,"allowableValues":null,"required":null,"sensitive":null,"dynamic":null,"supportsEl":null,"identifiesControllerService":null},"templateValue":"${metadata.table.targetTblProperties}","userEditable":false,"renderType":"text","renderOptions":{},"selected":true,"inputProperty":false,"containsConfigurationVariables":false,"sensitive":false,"required":false,"templateProperty":null,"nameKey":"NiFi Flow-Initialize Feed Parameters-metadata.table.targetTblProperties","processorNameTypeKey":"Initialize Feed Parameters-org.apache.nifi.processors.attributes.UpdateAttribute-metadata.table.targetTblProperties","idKey":"afbcbd43-015b-1000-4231-921219dc51ce-7c627365-3d3a-4495-da31-b86a9ab9e113-metadata.table.targetTblProperties"},{"processGroupName":"NiFi Flow","processorName":"Initialize Feed Parameters","processorId":"7c627365-3d3a-4495-da31-b86a9ab9e113","processGroupId":"afbcbd43-015b-1000-4231-921219dc51ce","processorType":"org.apache.nifi.processors.attributes.UpdateAttribute","key":"skipHeader","value":"${metadata.options.skipHeader}","expressionProperties":null,"propertyDescriptor":{"name":"skipHeader","displayName":null,"description":null,"defaultValue":null,"allowableValues":null,"required":null,"sensitive":null,"dynamic":null,"supportsEl":null,"identifiesControllerService":null},"templateValue":"${metadata.options.skipHeader}","userEditable":false,"renderType":"text","renderOptions":{},"selected":true,"inputProperty":false,"containsConfigurationVariables":false,"sensitive":false,"required":false,"templateProperty":null,"nameKey":"NiFi Flow-Initialize Feed Parameters-skipHeader","processorNameTypeKey":"Initialize Feed Parameters-org.apache.nifi.processors.attributes.UpdateAttribute-skipHeader","idKey":"afbcbd43-015b-1000-4231-921219dc51ce-7c627365-3d3a-4495-da31-b86a9ab9e113-skipHeader"}],"type":"org.apache.nifi.processors.attributes.UpdateAttribute","name":"Initialize Feed Parameters","id":"7c627365-3d3a-4495-da31-b86a9ab9e113","groupName":"NiFi Flow","groupId":"afbcbd43-015b-1000-4231-921219dc51ce","inputProcessor":false,"userDefinedInputProcessor":false},{"properties":[{"processGroupName":"NiFi Flow","processorName":"Fetch RDBMS Data","processorId":"6aeabec7-ec36-4ed5-7c60-9a52981c5909","processGroupId":"afbcbd43-015b-1000-4231-921219dc51ce","processorType":"com.thinkbiganalytics.nifi.v2.ingest.GetTableData","key":"Date Field","value":null,"expressionProperties":null,"propertyDescriptor":{"name":"Date Field","displayName":null,"description":null,"defaultValue":null,"allowableValues":null,"required":null,"sensitive":null,"dynamic":null,"supportsEl":null,"identifiesControllerService":null},"templateValue":null,"userEditable":true,"renderType":"text","renderOptions":{},"selected":true,"inputProperty":false,"containsConfigurationVariables":false,"sensitive":false,"required":false,"templateProperty":null,"nameKey":"NiFi Flow-Fetch RDBMS Data-Date Field","processorNameTypeKey":"Fetch RDBMS Data-com.thinkbiganalytics.nifi.v2.ingest.GetTableData-Date Field","idKey":"afbcbd43-015b-1000-4231-921219dc51ce-6aeabec7-ec36-4ed5-7c60-9a52981c5909-Date Field"},{"processGroupName":"NiFi Flow","processorName":"Fetch RDBMS Data","processorId":"6aeabec7-ec36-4ed5-7c60-9a52981c5909","processGroupId":"afbcbd43-015b-1000-4231-921219dc51ce","processorType":"com.thinkbiganalytics.nifi.v2.ingest.GetTableData","key":"Load Strategy","value":"FULL_LOAD","expressionProperties":null,"propertyDescriptor":{"name":"Load Strategy","displayName":null,"description":null,"defaultValue":null,"allowableValues":null,"required":null,"sensitive":null,"dynamic":null,"supportsEl":null,"identifiesControllerService":null},"templateValue":"FULL_LOAD","userEditable":true,"renderType":"text","renderOptions":{},"selected":true,"inputProperty":false,"containsConfigurationVariables":false,"sensitive":false,"required":false,"templateProperty":null,"nameKey":"NiFi Flow-Fetch RDBMS Data-Load Strategy","processorNameTypeKey":"Fetch RDBMS Data-com.thinkbiganalytics.nifi.v2.ingest.GetTableData-Load Strategy","idKey":"afbcbd43-015b-1000-4231-921219dc51ce-6aeabec7-ec36-4ed5-7c60-9a52981c5909-Load Strategy"},{"processGroupName":"NiFi Flow","processorName":"Fetch RDBMS Data","processorId":"6aeabec7-ec36-4ed5-7c60-9a52981c5909","processGroupId":"afbcbd43-015b-1000-4231-921219dc51ce","processorType":"com.thinkbiganalytics.nifi.v2.ingest.GetTableData","key":"Output Type","value":"DELIMITED","expressionProperties":null,"propertyDescriptor":{"name":"Output Type","displayName":"Output Type","description":"How should the results be returned.  Either a Delimited output such as CSV, or AVRO.  If delimited you must specify the delimiter.","defaultValue":"DELIMITED","allowableValues":[{"displayName":"DELIMITED","value":"DELIMITED","description":null},{"displayName":"AVRO","value":"AVRO","description":null}],"required":true,"sensitive":false,"dynamic":false,"supportsEl":false,"identifiesControllerService":null},"templateValue":"DELIMITED","userEditable":true,"renderType":"select","renderOptions":{},"selected":true,"inputProperty":false,"containsConfigurationVariables":false,"sensitive":false,"required":true,"templateProperty":null,"nameKey":"NiFi Flow-Fetch RDBMS Data-Output Type","processorNameTypeKey":"Fetch RDBMS Data-com.thinkbiganalytics.nifi.v2.ingest.GetTableData-Output Type","idKey":"afbcbd43-015b-1000-4231-921219dc51ce-6aeabec7-ec36-4ed5-7c60-9a52981c5909-Output Type"},{"processGroupName":"NiFi Flow","processorName":"Fetch RDBMS Data","processorId":"6aeabec7-ec36-4ed5-7c60-9a52981c5909","processGroupId":"afbcbd43-015b-1000-4231-921219dc51ce","processorType":"com.thinkbiganalytics.nifi.v2.ingest.GetTableData","key":"Source Database Connection","value":"","expressionProperties":null,"propertyDescriptor":{"name":"Source Database Connection","displayName":null,"description":null,"defaultValue":null,"allowableValues":null,"required":null,"sensitive":null,"dynamic":null,"supportsEl":null,"identifiesControllerService":"org.apache.nifi.dbcp.DBCPService"},"templateValue":"","userEditable":true,"renderType":"select","renderOptions":{},"selected":true,"inputProperty":false,"containsConfigurationVariables":false,"sensitive":false,"required":false,"templateProperty":null,"nameKey":"NiFi Flow-Fetch RDBMS Data-Source Database Connection","processorNameTypeKey":"Fetch RDBMS Data-com.thinkbiganalytics.nifi.v2.ingest.GetTableData-Source Database Connection","idKey":"afbcbd43-015b-1000-4231-921219dc51ce-6aeabec7-ec36-4ed5-7c60-9a52981c5909-Source Database Connection"},{"processGroupName":"NiFi Flow","processorName":"Fetch RDBMS Data","processorId":"6aeabec7-ec36-4ed5-7c60-9a52981c5909","processGroupId":"afbcbd43-015b-1000-4231-921219dc51ce","processorType":"com.thinkbiganalytics.nifi.v2.ingest.GetTableData","key":"Source Fields","value":"${metadata.table.sourceFields}","expressionProperties":null,"propertyDescriptor":{"name":"Source Fields","displayName":null,"description":null,"defaultValue":null,"allowableValues":null,"required":null,"sensitive":null,"dynamic":null,"supportsEl":null,"identifiesControllerService":null},"templateValue":"${metadata.table.sourceFields}","userEditable":false,"renderType":"text","renderOptions":{},"selected":true,"inputProperty":false,"containsConfigurationVariables":false,"sensitive":false,"required":false,"templateProperty":null,"nameKey":"NiFi Flow-Fetch RDBMS Data-Source Fields","processorNameTypeKey":"Fetch RDBMS Data-com.thinkbiganalytics.nifi.v2.ingest.GetTableData-Source Fields","idKey":"afbcbd43-015b-1000-4231-921219dc51ce-6aeabec7-ec36-4ed5-7c60-9a52981c5909-Source Fields"},{"processGroupName":"NiFi Flow","processorName":"Fetch RDBMS Data","processorId":"6aeabec7-ec36-4ed5-7c60-9a52981c5909","processGroupId":"afbcbd43-015b-1000-4231-921219dc51ce","processorType":"com.thinkbiganalytics.nifi.v2.ingest.GetTableData","key":"Source Table","value":"${metadata.table.sourceTableSchema.name}","expressionProperties":null,"propertyDescriptor":{"name":"Source Table","displayName":null,"description":null,"defaultValue":null,"allowableValues":null,"required":null,"sensitive":null,"dynamic":null,"supportsEl":null,"identifiesControllerService":null},"templateValue":"${metadata.table.sourceTableSchema.name}","userEditable":false,"renderType":"select","renderOptions":{},"selected":true,"inputProperty":false,"containsConfigurationVariables":false,"sensitive":false,"required":false,"templateProperty":null,"nameKey":"NiFi Flow-Fetch RDBMS Data-Source Table","processorNameTypeKey":"Fetch RDBMS Data-com.thinkbiganalytics.nifi.v2.ingest.GetTableData-Source Table","idKey":"afbcbd43-015b-1000-4231-921219dc51ce-6aeabec7-ec36-4ed5-7c60-9a52981c5909-Source Table"},{"processGroupName":"NiFi Flow","processorName":"Fetch RDBMS Data","processorId":"6aeabec7-ec36-4ed5-7c60-9a52981c5909","processGroupId":"afbcbd43-015b-1000-4231-921219dc51ce","processorType":"com.thinkbiganalytics.nifi.v2.ingest.GetTableData","key":"System feed category","value":"${metadata.category.systemName}","expressionProperties":null,"propertyDescriptor":{"name":"System feed category","displayName":null,"description":null,"defaultValue":null,"allowableValues":null,"required":null,"sensitive":null,"dynamic":null,"supportsEl":null,"identifiesControllerService":null},"templateValue":"${metadata.category.systemName}","userEditable":false,"renderType":"text","renderOptions":{},"selected":true,"inputProperty":false,"containsConfigurationVariables":false,"sensitive":false,"required":false,"templateProperty":null,"nameKey":"NiFi Flow-Fetch RDBMS Data-System feed category","processorNameTypeKey":"Fetch RDBMS Data-com.thinkbiganalytics.nifi.v2.ingest.GetTableData-System feed category","idKey":"afbcbd43-015b-1000-4231-921219dc51ce-6aeabec7-ec36-4ed5-7c60-9a52981c5909-System feed category"},{"processGroupName":"NiFi Flow","processorName":"Fetch RDBMS Data","processorId":"6aeabec7-ec36-4ed5-7c60-9a52981c5909","processGroupId":"afbcbd43-015b-1000-4231-921219dc51ce","processorType":"com.thinkbiganalytics.nifi.v2.ingest.GetTableData","key":"System feed name","value":"${metadata.systemFeedName}","expressionProperties":null,"propertyDescriptor":{"name":"System feed name","displayName":null,"description":null,"defaultValue":null,"allowableValues":null,"required":null,"sensitive":null,"dynamic":null,"supportsEl":null,"identifiesControllerService":null},"templateValue":"${metadata.systemFeedName}","userEditable":false,"renderType":"text","renderOptions":{},"selected":true,"inputProperty":false,"containsConfigurationVariables":false,"sensitive":false,"required":false,"templateProperty":null,"nameKey":"NiFi Flow-Fetch RDBMS Data-System feed name","processorNameTypeKey":"Fetch RDBMS Data-com.thinkbiganalytics.nifi.v2.ingest.GetTableData-System feed name","idKey":"afbcbd43-015b-1000-4231-921219dc51ce-6aeabec7-ec36-4ed5-7c60-9a52981c5909-System feed name"}],"type":"com.thinkbiganalytics.nifi.v2.ingest.GetTableData","name":"Fetch RDBMS Data","id":"6aeabec7-ec36-4ed5-7c60-9a52981c5909","groupName":"NiFi Flow","groupId":"afbcbd43-015b-1000-4231-921219dc51ce","inputProcessor":false,"userDefinedInputProcessor":false}],"inputProcessors":[{"properties":[{"processGroupName":"NiFi Flow","processorName":"Database","processorId":"2567efe0-b28d-46c2-6829-02a2044a5daf","processGroupId":"afbcbd43-015b-1000-4231-921219dc51ce","processorType":"com.thinkbiganalytics.nifi.v2.core.watermark.LoadHighWaterMark","key":"System feed category","value":"${metadata.category.systemName}","expressionProperties":null,"propertyDescriptor":{"name":"System feed category","displayName":null,"description":null,"defaultValue":null,"allowableValues":null,"required":null,"sensitive":null,"dynamic":null,"supportsEl":null,"identifiesControllerService":null},"templateValue":"${metadata.category.systemName}","userEditable":false,"renderType":"text","renderOptions":{},"selected":true,"inputProperty":true,"containsConfigurationVariables":false,"sensitive":false,"required":false,"templateProperty":null,"nameKey":"NiFi Flow-Database-System feed category","processorNameTypeKey":"Database-com.thinkbiganalytics.nifi.v2.core.watermark.LoadHighWaterMark-System feed category","idKey":"afbcbd43-015b-1000-4231-921219dc51ce-2567efe0-b28d-46c2-6829-02a2044a5daf-System feed category"},{"processGroupName":"NiFi Flow","processorName":"Database","processorId":"2567efe0-b28d-46c2-6829-02a2044a5daf","processGroupId":"afbcbd43-015b-1000-4231-921219dc51ce","processorType":"com.thinkbiganalytics.nifi.v2.core.watermark.LoadHighWaterMark","key":"System feed name","value":"${metadata.systemFeedName}","expressionProperties":null,"propertyDescriptor":{"name":"System feed name","displayName":null,"description":null,"defaultValue":null,"allowableValues":null,"required":null,"sensitive":null,"dynamic":null,"supportsEl":null,"identifiesControllerService":null},"templateValue":"${metadata.systemFeedName}","userEditable":false,"renderType":"text","renderOptions":{},"selected":true,"inputProperty":true,"containsConfigurationVariables":false,"sensitive":false,"required":false,"templateProperty":null,"nameKey":"NiFi Flow-Database-System feed name","processorNameTypeKey":"Database-com.thinkbiganalytics.nifi.v2.core.watermark.LoadHighWaterMark-System feed name","idKey":"afbcbd43-015b-1000-4231-921219dc51ce-2567efe0-b28d-46c2-6829-02a2044a5daf-System feed name"}],"type":"com.thinkbiganalytics.nifi.v2.core.watermark.LoadHighWaterMark","name":"Database","id":"2567efe0-b28d-46c2-6829-02a2044a5daf","groupName":"NiFi Flow","groupId":"afbcbd43-015b-1000-4231-921219dc51ce","inputProcessor":true,"userDefinedInputProcessor":false},{"properties":[{"processGroupName":"NiFi Flow","processorName":"Filesystem","processorId":"1f67e296-2ff8-4b5d-e5fe-d24c3d261efe","processGroupId":"afbcbd43-015b-1000-4231-921219dc51ce","processorType":"org.apache.nifi.processors.standard.GetFile","key":"File Filter","value":"mydata\\d{1,3}.csv","expressionProperties":null,"propertyDescriptor":{"name":"File Filter","displayName":null,"description":null,"defaultValue":null,"allowableValues":null,"required":null,"sensitive":null,"dynamic":null,"supportsEl":null,"identifiesControllerService":null},"templateValue":"mydata\\d{1,3}.csv","userEditable":true,"renderType":"text","renderOptions":{},"selected":true,"inputProperty":true,"containsConfigurationVariables":false,"sensitive":false,"required":false,"templateProperty":null,"nameKey":"NiFi Flow-Filesystem-File Filter","processorNameTypeKey":"Filesystem-org.apache.nifi.processors.standard.GetFile-File Filter","idKey":"afbcbd43-015b-1000-4231-921219dc51ce-1f67e296-2ff8-4b5d-e5fe-d24c3d261efe-File Filter"},{"processGroupName":"NiFi Flow","processorName":"Filesystem","processorId":"1f67e296-2ff8-4b5d-e5fe-d24c3d261efe","processGroupId":"afbcbd43-015b-1000-4231-921219dc51ce","processorType":"org.apache.nifi.processors.standard.GetFile","key":"Input Directory","value":"/var/dropzone","expressionProperties":null,"propertyDescriptor":{"name":"Input Directory","displayName":null,"description":null,"defaultValue":null,"allowableValues":null,"required":null,"sensitive":null,"dynamic":null,"supportsEl":null,"identifiesControllerService":null},"templateValue":"/var/dropzone","userEditable":true,"renderType":"text","renderOptions":{},"selected":true,"inputProperty":true,"containsConfigurationVariables":false,"sensitive":false,"required":false,"templateProperty":null,"nameKey":"NiFi Flow-Filesystem-Input Directory","processorNameTypeKey":"Filesystem-org.apache.nifi.processors.standard.GetFile-Input Directory","idKey":"afbcbd43-015b-1000-4231-921219dc51ce-1f67e296-2ff8-4b5d-e5fe-d24c3d261efe-Input Directory"}],"type":"org.apache.nifi.processors.standard.GetFile","name":"Filesystem","id":"1f67e296-2ff8-4b5d-e5fe-d24c3d261efe","groupName":"NiFi Flow","groupId":"afbcbd43-015b-1000-4231-921219dc51ce","inputProcessor":true,"userDefinedInputProcessor":false}],"id":"2b01bbc4-d5b7-4525-aad5-38d70a6d9f65","nifiTemplateId":"25990f42-e436-4e34-89f3-d4d45df83aba","templateName":"Data Ingest","updateDate":1493302404446,"createDate":1490137965471,"icon":"keyboard_tab","iconColor":"#66BB6A","description":"Standard Data Ingest","state":"ENABLED","defineTable":true,"reusableTemplate":false,"reusableTemplateConnections":[{"feedOutputPortName":"to-standard-cleanup","reusableTemplateInputPortName":"standard-cleanup","inputPortDisplayName":"standard-cleanup"},{"feedOutputPortName":"to-standard-ingest","reusableTemplateInputPortName":"standard-ingest","inputPortDisplayName":"standard-ingest"}],"registeredDatasourceDefinitions":[{"processorType":"com.thinkbiganalytics.nifi.v2.ingest.GetTableData","processorName":"Fetch RDBMS Data","processorId":"6aeabec7-ec36-4ed5-0000-000000000000","datasourceDefinition":{"processorType":"com.thinkbiganalytics.nifi.v2.ingest.GetTableData","connectionType":"SOURCE","datasourcePropertyKeys":["Source Database Connection","Source Table"],"datasourceType":"DatabaseDatasource","identityString":"${Source Table} - ${Source Database Connection}","description":null,"title":"${Source Table}"}},{"processorType":"org.apache.nifi.processors.standard.GetFile","processorName":"Filesystem","processorId":"1f67e296-2ff8-4b5d-0000-000000000000","datasourceDefinition":{"processorType":"org.apache.nifi.processors.standard.GetFile","connectionType":"SOURCE","datasourcePropertyKeys":["Input Directory","File Filter"],"datasourceType":"DirectoryDatasource","identityString":"${Input Directory}/${File Filter}","description":" Directory or File source","title":"${Input Directory}/${File Filter}"}},{"processorType":"com.thinkbiganalytics.nifi.v2.ingest.MergeTable","processorName":"Merge Table","processorId":"2b1f1ef0-4e13-1bd6-70ff-33628ae0bcda","datasourceDefinition":{"processorType":"com.thinkbiganalytics.nifi.v2.ingest.MergeTable","connectionType":"DESTINATION","datasourcePropertyKeys":["Target schema","Target table"],"datasourceType":"HiveDatasource","identityString":"${Target schema}.${Target table}","description":null,"title":"${Target schema}.${Target table}"}}],"order":0,"templateOrder":null,"feedsCount":42,"configurationProperties":[],"stream":false,"sensitiveProperties":[],"allowPreconditions":false,"dataTransformation":false,"isStream":false}